symbol,exchange,name,sector,industry,slug
TSVT-RM,Moscow,2Seventy Bio,Healthcare,Biotechnology,2seventy-bio?cid=1180705
TWOU-RM,Moscow,2U Inc,Consumer Discretionary,Diversified Consumer Services,2u-inc?cid=1185384
MMM-RM,Moscow,3M,Industrials,Industrial Conglomerates,3m-co?cid=1172690
EGHT-RM,Moscow,8x8,Information Technology,Software,8x8-inc?cid=1185084
ABT-RM,Moscow,Abbott Labs,Healthcare,Health Care Equipment & Supplies,abbott-laboratories?cid=1169909
ABBV-RM,Moscow,AbbVie,Healthcare,Biotechnology,abbvie-inc?cid=1167266
ANF-RM,Moscow,Abercrombie&Fitch,Consumer Discretionary,Specialty Retail,aberc-fitch-a?cid=1185078
ABMD-RM,Moscow,ABIOMED,Healthcare,Health Care Equipment & Supplies,abiomed?cid=1177911
ABRD,Moscow,Abrau Durso OAO,Consumer Staples,Beverages,abrau-durso-oao
ASO-RM,Moscow,Academy Sports,Consumer Discretionary,Specialty Retail,academy-sports-outdoors-inc?cid=1184110
ACAD-RM,Moscow,ACADIA,Healthcare,Biotechnology,acadia-pharmaceuticals?cid=1177290
ATVI-RM,Moscow,Activision Blizzard,Communication Services,Entertainment,activision-inc?cid=1165933
ADBE-RM,Moscow,Adobe,Information Technology,Software,adobe-sys-inc?cid=1167265
ADP-RM,Moscow,ADP,Information Technology,IT Services,auto-data-process?cid=1177292
AAP-RM,Moscow,Advance Auto Parts,Consumer Discretionary,Specialty Retail,advance-auto-parts?cid=1180677
AFLT,Moscow,Aeroflot,Industrials,Airlines,aeroflot
AFKS,Moscow,AFK Sistema,Communication Services,Wireless Telecommunication Services,afk-sistema_rts
AFL-RM,Moscow,Aflac,Financial,Insurance,aflac-inc?cid=1177293
A-RM,Moscow,Agilent Technologies,Healthcare,Life Sciences Tools & Services,agilent-tech?cid=1179710
AIG-RM,Moscow,AIG,Financial,Insurance,american-intl-group?cid=1178089
APD-RM,Moscow,Air Products,Materials,Chemicals,air-prods---chem?cid=1177298
ABNB-RM,Moscow,Airbnb,Consumer Discretionary,"Hotels, Restaurants & Leisure",airbnb-inc?cid=1180675
TRNF_p,Moscow,AK Transneft Pref,Energy,"Oil, Gas & Consumable Fuels",transneft-p_rts
AKAM-RM,Moscow,Akamai,Information Technology,IT Services,akamai-technologies-inc?cid=1179721
AVAN,Moscow,AKB Avangard OAO,Financial,Banks,akb-avangard-oao
PRMB,Moscow,Akb Primorye OAO,Financial,Banks,akb-primorye-oao
ROSB,Moscow,AKB Rosbank,Financial,Banks,rosbank
AKRN,Moscow,Akron,Materials,Chemicals,akron_rts
ALK-RM,Moscow,Alaska Air,Industrials,Airlines,alaska-air?cid=1179705
ALB-RM,Moscow,Albemarle,Materials,Chemicals,albemarle?cid=1177295
AA-RM,Moscow,Alcoa,Materials,Metals & Mining,alcoa?cid=1177926
BABA-RMDR,Moscow,Alibaba ADR,Consumer Discretionary,Internet & Direct Marketing Retail,alibaba?cid=1167268
ALGN-RM,Moscow,Align,Healthcare,Health Care Equipment & Supplies,align-technology?cid=1180678
LNT-RM,Moscow,Alliant Energy,Utilities,Electric Utilities,alliant-energy?cid=1179727
MDRX-RM,Moscow,Allscripts,Healthcare,Health Care Technology,allscripts-misys-healthcre-solution?cid=1185375
ALL-RM,Moscow,Allstate,Financial,Insurance,allstate-corporation?cid=1179703
ALLY-RM,Moscow,Ally Financial Inc,Financial,Consumer Finance,ally-financ?cid=1183807
GOOG-RM,Moscow,Alphabet C,Communication Services,Interactive Media & Services,google-inc-c?cid=1165937
ALRS,Moscow,ALROSA ao,Materials,Metals & Mining,alrosa-ao
AYX-RM,Moscow,Alteryx,Information Technology,Software,alteryx-inc?cid=1177912
ATUS-RM,Moscow,Altice USA,Communication Services,Media,altice-usa-inc?cid=1183803
MO-RM,Moscow,Altria,Consumer Staples,Tobacco,altria-group?cid=1177334
AMZN-RM,Moscow,Amazon.com,Consumer Discretionary,Internet & Direct Marketing Retail,amazon-com-inc?cid=1165932
AMC-RM,Moscow,AMC Entertainment,Communication Services,Entertainment,amc-entertat-hld?cid=1177874
AMD-RM,Moscow,AMD,Information Technology,Semiconductors & Semiconductor Equipment,adv-micro-device?cid=1165931
AEE-RM,Moscow,Ameren,Utilities,Multi-Utilities,ameren-corp?cid=1179728
AAL-RM,Moscow,American Airlines,Industrials,Airlines,american-airlines-group?cid=1167264
AEO-RM,Moscow,American Eagle Outfitters,Consumer Discretionary,Specialty Retail,american-eagle-outfitters?cid=1183738
AEP-RM,Moscow,American Electric Power,Utilities,Electric Utilities,american-electric?cid=1178116
AXP-RM,Moscow,American Express,Financial,Consumer Finance,american-express?cid=1177884
AWK-RM,Moscow,American Water Works,Utilities,Water Utilities,american-water-works-inc?cid=1179768
AMP-RM,Moscow,Ameriprise Financial,Financial,Capital Markets,ameriprise-fincl?cid=1182937
ABC-RM,Moscow,AmerisourceBergen,Healthcare,Health Care Providers & Services,amerisourcebergn?cid=1179756
AME-RM,Moscow,Ametek,Industrials,Electrical Equipment,ametek-inc?cid=1179759
AMGN-RM,Moscow,Amgen,Healthcare,Biotechnology,amgen-inc?cid=1171996
FOLD-RM,Moscow,Amicus,Healthcare,Biotechnology,amicus-therapeutics?cid=1184154
ZILL,Moscow,AMO ZIL PAO,Consumer Discretionary,Automobiles,amo-zil
APH-RM,Moscow,Amphenol,Information Technology,"Electronic Equipment, Instruments & Components",amphenol-corp?cid=1177910
ADI-RM,Moscow,Analog Devices,Information Technology,Semiconductors & Semiconductor Equipment,analog-devices?cid=1178115
PLAN-RM,Moscow,Anaplan,Information Technology,Software,anaplan?cid=1184172
ANGI-RM,Moscow,ANGI Homeservices,Communication Services,Interactive Media & Services,angies-list-inc?cid=1185079
BANE,Moscow,ANK Bashneft,Energy,"Oil, Gas & Consumable Fuels",bashneft_rts
BANE_p,Moscow,ANK Bashneft Pref,Energy,"Oil, Gas & Consumable Fuels",bashneft-(pref)
ANSS-RM,Moscow,ANSYS,Information Technology,Software,ansys?cid=1177296
ANTM-RM,Moscow,Anthem,Healthcare,Health Care Providers & Services,wellpoint-inc?cid=1174113
AOS-RM,Moscow,AO Smith,Industrials,Building Products,a.o-smith-corp?cid=1177297
APA-RM,Moscow,APA Corp,Energy,"Oil, Gas & Consumable Fuels",apache-corp?cid=1174121
APPH-RM,Moscow,Appharvest,Consumer Staples,Food Products,novus-capital-corp?cid=1183158
AAPL-RM,Moscow,Apple,Information Technology,"Technology Hardware, Storage & Peripherals",apple-computer-inc?cid=1166031
AMAT-RM,Moscow,Applied Materials,Information Technology,Semiconductors & Semiconductor Equipment,applied-matls-inc?cid=1172663
APP-RM,Moscow,Applovin,Information Technology,Software,applovin?cid=1185715
APTK,Moscow,Apteki 36,Consumer Staples,Food & Staples Retailing,apteka-36-6_rts
ADM-RM,Moscow,Archer-Daniels-Midland,Consumer Staples,Food Products,archer-daniels-mid?cid=1177291
ARCC-RM,Moscow,Ares Capital,Financial,Capital Markets,ares-capital?cid=1184109
ANET-RM,Moscow,Arista Networks,Information Technology,Communications Equipment,arista-networks?cid=1180676
AJG-RM,Moscow,Arthur J Gallagher,Financial,Insurance,arthur-j.-gallagher---co?cid=1179748
AMEZ,Moscow,Ashinskiy Metzavod PAO,Materials,Metals & Mining,ashinskiy-metallurgical-works
AIZ-RM,Moscow,Assurant,Financial,Insurance,assurant?cid=1177294
ASSB,Moscow,Astrakhanskaya energosbytovaya OAO,Utilities,Electric Utilities,astrakhan-power-sale-comp
T-RM,Moscow,AT&T,Communication Services,Diversified Telecommunication Services,at-t?cid=1165946
ATO-RM,Moscow,Atmos Energy,Utilities,Gas Utilities,atmos-energy-corp?cid=1177299
ADSK-RM,Moscow,Autodesk,Information Technology,Software,autodesk-inc?cid=1179733
AZO-RM,Moscow,AutoZone,Consumer Discretionary,Specialty Retail,autozone-inc?cid=1182935
AVTR-RM,Moscow,Avantor,Healthcare,Life Sciences Tools & Services,avantor-inc?cid=1183801
AVY-RM,Moscow,Avery Dennison,Materials,Containers & Packaging,avery-dennison?cid=1182936
SIBG,Moscow,Ays Stim Rus PAO,Consumer Staples,Food Products,sibirskiy-gostinets-pao
BGS-RM,Moscow,B&G Foods,Consumer Staples,Food Products,b-g-foods-holdings-corp?cid=1185080
BIDU-RMDR,Moscow,Baidu,Communication Services,Interactive Media & Services,baidu.com?cid=1167270
BKR-RM,Moscow,Baker Hughes,Energy,Energy Equipment & Services,baker-hughes?cid=1172695
BALL-RM,Moscow,Ball,Materials,Containers & Packaging,ball-corp?cid=1179696
KUZB,Moscow,Bank Kuznetskiy OAO,Financial,Banks,bank-kuznetskiy-oao
BAC-RM,Moscow,Bank of America,Financial,Banks,bank-of-america?cid=1174099
BK-RM,Moscow,Bank of NY Mellon,Financial,Capital Markets,bk-of-ny?cid=1177877
BSPB_p,Moscow,Bank SanktPeterburg PAO,Financial,Banks,bank-sanktpeterburg-pao-prf
USBN,Moscow,Bank Uralsib,Financial,Banks,bank-uralsib
VTBR,Moscow,Bank VTB PAO,Financial,Banks,vtb_rts
BISV,Moscow,BashInformSvyaz ao,Communication Services,Diversified Telecommunication Services,bashinformsvyaz
BISV_p,Moscow,Bashinformsvyaz Pref,Communication Services,Diversified Telecommunication Services,bashinformsvyaz-(pref)
BBWI-RM,Moscow,Bath & Body Works,Consumer Discretionary,Specialty Retail,limited-brands?cid=1178093
BAX-RM,Moscow,Baxter,Healthcare,Health Care Equipment & Supplies,baxter-intl?cid=1178117
BDX-RM,Moscow,Becton Dickinson,Healthcare,Health Care Equipment & Supplies,becton-dickinsn?cid=1177300
BBBY-RM,Moscow,Bed Bath&Beyond,Consumer Discretionary,Specialty Retail,bed-bath---beyond-inc?cid=1180680
BLNG,Moscow,Belon ao,Materials,Metals & Mining,belon_rts
BELU,Moscow,Beluga,Consumer Staples,Beverages,synergy_rts
BRKB-RM,Moscow,Berkshire Hathaway B,Financial,Diversified Financial Services,berkshire-hathaway?cid=1172681
BBY-RM,Moscow,Best Buy,Consumer Discretionary,Specialty Retail,best-buy?cid=1178126
BYND-RM,Moscow,Beyond Meat,Consumer Staples,Food Products,beyond-meat-inc?cid=1177303
BILI-RMDR,Moscow,Bilibili,Communication Services,Entertainment,bilibili-inc?cid=1177893
BILL-RM,Moscow,Bill Com,Information Technology,Software,bill-com-holdings-inc?cid=1185371
BIO-RM,Moscow,Bio-Rad Labs,Healthcare,Life Sciences Tools & Services,bio-rad-laboratories-inc?cid=1182870
BIIB-RM,Moscow,Biogen,Healthcare,Biotechnology,biogen-idec-inc?cid=1167269
BNGO-RM,Moscow,Bionano Genomics,Healthcare,Life Sciences Tools & Services,bionano-genomics?cid=1180679
BLK-RM,Moscow,BlackRock,Financial,Capital Markets,"blackrock,-inc.-c?cid=1174106"
BX-RM,Moscow,Blackstone Group,Financial,Capital Markets,the-blackstone-group?cid=1183809
BLNK-RM,Moscow,Blink Charging,Industrials,Electrical Equipment,car-charging-group?cid=1183818
SQ-RM,Moscow,Block,Information Technology,IT Services,square-inc?cid=1174116
BLMN-RM,Moscow,Bloomin Brands,Consumer Discretionary,"Hotels, Restaurants & Leisure",bloomin-brands-inc?cid=1185716
BLUE-RM,Moscow,Bluebird,Healthcare,Biotechnology,bluebird-bio-inc?cid=1177894
BA-RM,Moscow,Boeing,Industrials,Aerospace & Defense,boeing-co?cid=1165934
BKNG-RM,Moscow,Booking,Consumer Discretionary,"Hotels, Restaurants & Leisure",priceline.com-inc?cid=1171366
BWA-RM,Moscow,BorgWarner,Consumer Discretionary,Auto Components,borgwarner?cid=1178141
BSX-RM,Moscow,Boston Scientific,Healthcare,Health Care Equipment & Supplies,boston-scien-cp?cid=1172664
BOX-RM,Moscow,Box Inc,Information Technology,Software,seacube-container-leasing-ltd?cid=1184112
BMY-RM,Moscow,Bristol-Myers Squibb,Healthcare,Pharmaceuticals,bristol-myer-squiib?cid=1167271
AVGO-RM,Moscow,Broadcom,Information Technology,Semiconductors & Semiconductor Equipment,avago-technologies?cid=1167267
BR-RM,Moscow,Broadridge,Information Technology,IT Services,broadridge-financial-solutions?cid=1183289
BFB-RM,Moscow,Brown Forman,Consumer Staples,Beverages,brown-forman-b?cid=1177302
BSPB,Moscow,BSP,Financial,Banks,bank-st-petersbr_rts
BLDR-RM,Moscow,Builders FirstSource,Industrials,Building Products,builders-firstsou?cid=1184111
BRZL,Moscow,Buryatzoloto ao,Materials,Metals & Mining,buryatzoloto
CDNS-RM,Moscow,Cadence Design,Information Technology,Software,cadence-design-system-inc?cid=1179715
CZR-RM,Moscow,Caesars,Consumer Discretionary,"Hotels, Restaurants & Leisure",caesars-entertainment-corp?cid=1178112
CPB-RM,Moscow,Campbell Soup,Consumer Staples,Food Products,campbell-soup?cid=1177891
COF-RM,Moscow,Capital One Financial,Financial,Consumer Finance,capital-one?cid=1178109
CARA-RM,Moscow,Cara Therapeutic,Healthcare,Pharmaceuticals,cara-therapeutic?cid=1185081
CAH-RM,Moscow,Cardinal Health,Healthcare,Health Care Providers & Services,cardinal-health?cid=1177304
KMX-RM,Moscow,CarMax,Consumer Discretionary,Specialty Retail,carmax-inc?cid=1179747
PRTS-RM,Moscow,CarpParts.Com,Consumer Discretionary,Internet & Direct Marketing Retail,us-auto-parts-network?cid=1185379
CARR-RM,Moscow,Carrier Global,Industrials,Building Products,carrier-global-corp?cid=1178078
CVNA-RM,Moscow,Carvana,Consumer Discretionary,Specialty Retail,carvana?cid=1185718
SAVA-RM,Moscow,Cassava Sciences,Healthcare,Pharmaceuticals,pain-therapeutics?cid=1183742
CTLT-RM,Moscow,Catalent Inc,Healthcare,Pharmaceuticals,catalent-inc?cid=1179757
CAT-RM,Moscow,Caterpillar,Industrials,Machinery,caterpillar?cid=1169914
CDW-RM,Moscow,CDW Corp,Information Technology,"Electronic Equipment, Instruments & Components",cdw-corp?cid=1183290
CE-RM,Moscow,Celanese,Materials,Chemicals,celanese?cid=1180825
CNC-RM,Moscow,Centene,Healthcare,Health Care Providers & Services,centene?cid=1178099
CNP-RM,Moscow,CenterPoint Energy,Utilities,Multi-Utilities,centerpoint?cid=1178081
CERN-RM,Moscow,Cerner,Healthcare,Health Care Technology,cerner-corporatio?cid=1178142
CF-RM,Moscow,CF Industries,Materials,Chemicals,cf-industries?cid=1174088
CHRW-RM,Moscow,CH Robinson,Industrials,Air Freight & Logistics,c-h-robinson-worldwide-inc?cid=1177880
CHX-RM,Moscow,ChampionX Corp,Consumer Staples,Food Products,apergy?cid=1186047
CHNG-RM,Moscow,Change Healthcare,Healthcare,Health Care Technology,change-healthcare-inc?cid=1184150
CRL-RM,Moscow,Charles River Laboratories,Healthcare,Life Sciences Tools & Services,charles-river-laboratories-intl?cid=1180826
SCHW-RM,Moscow,Charles Schwab,Financial,Capital Markets,charles-schwab?cid=1177890
CHTR-RM,Moscow,Charter Communications,Communication Services,Media,charter-communications?cid=1177878
CHGG-RM,Moscow,Chegg Inc,Consumer Discretionary,Diversified Consumer Services,chegg-inc?cid=1185083
CHMK,Moscow,Chelyabinsk Metallurg,Materials,Metals & Mining,chmk
CHKZ,Moscow,Chelyabinskiy Kuznechno Presso,Consumer Discretionary,Auto Components,chelyabinskiy-kuznechno-presso
CCXI-RM,Moscow,ChemoCentryx,Healthcare,Biotechnology,chemocentryx-inc?cid=1184113
CC-RM,Moscow,Chemours Co,Materials,Chemicals,chemours-co?cid=1185717
CVX-RM,Moscow,Chevron,Energy,"Oil, Gas & Consumable Fuels",chevron?cid=1169917
CHWY-RM,Moscow,Chewy,Consumer Discretionary,Internet & Direct Marketing Retail,chewy-inc?cid=1183808
CMG-RM,Moscow,Chipotle Mexican Grill,Consumer Discretionary,"Hotels, Restaurants & Leisure",chipotle-mexican-grill-inc?cid=1183291
CHEP,Moscow,CHTPZ,Materials,Metals & Mining,chtpz
CHD-RM,Moscow,Church&Dwight,Consumer Staples,Household Products,church---dwight?cid=1179725
PRFN,Moscow,Chzpsn-Profnastil OAO,Materials,Metals & Mining,chzpsn-profnastil-oao
CIANDR,Moscow,Cian ADR,Communication Services,Interactive Media & Services,cian-adr?cid=1180342
CI-RM,Moscow,Cigna,Healthcare,Health Care Providers & Services,cigna-corp?cid=1174120
CINF-RM,Moscow,Cincinnati Financial,Financial,Insurance,cincinnati-fin?cid=1177305
CNK-RM,Moscow,Cinemark,Communication Services,Entertainment,cinemark-hldg?cid=1177882
CTAS-RM,Moscow,Cintas,Industrials,Commercial Services & Supplies,cintas-corp?cid=1177308
CSCO-RM,Moscow,Cisco,Information Technology,Communications Equipment,cisco-sys-inc?cid=1167272
C-RM,Moscow,Citigroup,Financial,Banks,citigroup?cid=1177907
CFG-RM,Moscow,Citizens Financial Group Inc,Financial,Banks,citizens-financial-group-inc?cid=1178090
CTXS-RM,Moscow,Citrix Systems,Information Technology,Software,citrix-sys-inc?cid=1179724
CLSK-RM,Moscow,CleanSpark,Information Technology,Software,cleanspark?cid=1183171
CLF-RM,Moscow,Cleveland-Cliffs,Materials,Metals & Mining,cleveland-cliffs?cid=1177306
CLX-RM,Moscow,Clorox,Consumer Staples,Household Products,clorox-co?cid=1177307
NET-RM,Moscow,Cloudflare,Information Technology,IT Services,cloudflare-inc?cid=1183802
CLOV-RM,Moscow,Clover Health Investments,Healthcare,Health Care Providers & Services,social-capital-hedosophia-hold-iii?cid=1177875
CME-RM,Moscow,CME Group,Financial,Capital Markets,cme-group-inc.?cid=1177931
CMS-RM,Moscow,CMS Energy,Utilities,Multi-Utilities,cms-energy-corp?cid=1178149
WTCM,Moscow,CMT,Real Estate,Real Estate Management & Development,cmt
WTCM_p,Moscow,CMT Pref,Real Estate,Real Estate Management & Development,cmt-(pref)
CNX-RM,Moscow,CNX Resources,Energy,"Oil, Gas & Consumable Fuels",consol-energy?cid=1183819
KO-RM,Moscow,Coca-Cola,Consumer Staples,Beverages,coca-cola-co?cid=1169916
CTSH-RM,Moscow,Cognizant A,Information Technology,IT Services,cognizant-technology-solutio?cid=1178105
COIN-RM,Moscow,Coinbase Global,Financial,Capital Markets,coinbase-global?cid=1177888
CL-RM,Moscow,Colgate-Palmolive,Consumer Staples,Household Products,colgate-palmo?cid=1172700
CMCSA-RM,Moscow,Comcast,Communication Services,Media,comcast-corp-new?cid=1171367
CMA-RM,Moscow,Comerica,Financial,Banks,comerica-inc?cid=1179719
CAG-RM,Moscow,ConAgra Foods,Consumer Staples,Food Products,conagra-foods?cid=1178102
COP-RM,Moscow,ConocoPhillips,Energy,"Oil, Gas & Consumable Fuels",conoco-phillips?cid=1172665
ED-RM,Moscow,Consolidated Edison,Utilities,Multi-Utilities,cocnsol-edison?cid=1177311
STZ-RM,Moscow,Constellation Brands A,Consumer Staples,Beverages,constellation-a?cid=1179749
WISH-RM,Moscow,Contextlogic,Consumer Discretionary,Internet & Direct Marketing Retail,contextlogic?cid=1177899
CLR-RM,Moscow,Continental Resources,Energy,"Oil, Gas & Consumable Fuels",continental-resources-inc?cid=1183162
COO-RM,Moscow,Cooper,Healthcare,Health Care Equipment & Supplies,cooper-companies-inc?cid=1183292
CPRT-RM,Moscow,Copart,Industrials,Commercial Services & Supplies,copart-inc?cid=1177922
GLW-RM,Moscow,Corning,Information Technology,"Electronic Equipment, Instruments & Components",corning-inc?cid=1177913
CTVA-RM,Moscow,Corteva,Materials,Chemicals,corteva?cid=1178104
CSGP-RM,Moscow,CoStar,Industrials,Professional Services,costar-group?cid=1184114
COST-RM,Moscow,Costco,Consumer Staples,Food & Staples Retailing,costco-whsl-corp-new?cid=1172703
CTRA-RM,Moscow,Coterra Energy,Energy,"Oil, Gas & Consumable Fuels",cabot-oil---gas?cid=1178313
COTY-RM,Moscow,Coty Inc,Consumer Staples,Personal Products,coty-inc?cid=1177929
CPNG-RM,Moscow,Coupang LLC,Consumer Discretionary,Internet & Direct Marketing Retail,coupang-llc?cid=1180681
COUR-RM,Moscow,Coursera,Consumer Discretionary,Diversified Consumer Services,coursera?cid=1185372
CROX-RM,Moscow,Crocs,Consumer Discretionary,"Textiles, Apparel & Luxury Goods",crocs?cid=1185082
CRWD-RM,Moscow,Crowdstrike Holdings,Information Technology,Software,crowdstrike-holdings-inc?cid=1183788
CSX-RM,Moscow,CSX,Industrials,Road & Rail,csx-corp?cid=1178075
CMI-RM,Moscow,Cummins,Industrials,Machinery,cummins-inc?cid=1179751
CVS-RM,Moscow,CVS Health Corp,Healthcare,Health Care Providers & Services,cvs-corp?cid=1174109
DASB,Moscow,Dagestanskaya Energ,Utilities,Electric Utilities,dagestan-sb
FESH,Moscow,Dal’nevostochnoye Morskoye Parokhodstvo PAO,Industrials,Marine,dvmp-oao
DHR-RM,Moscow,Danaher,Healthcare,Life Sciences Tools & Services,danaher-corp?cid=1178131
DRI-RM,Moscow,Darden Restaurants,Consumer Discretionary,"Hotels, Restaurants & Leisure",dardem-rest?cid=1179711
DDOG-RM,Moscow,Datadog,Information Technology,Software,datadog-inc?cid=1184152
PLAY-RM,Moscow,Dave & Buster’s Entertainment,Consumer Discretionary,"Hotels, Restaurants & Leisure",dave-busters-entertainment?cid=1185548
DVA-RM,Moscow,DaVita,Healthcare,Health Care Providers & Services,davita-inc?cid=1180827
DVEC,Moscow,DEC,Utilities,Electric Utilities,dec
DE-RM,Moscow,Deere&Company,Industrials,Machinery,deere---co?cid=1179706
DELL-RM,Moscow,Dell Tech,Information Technology,"Technology Hardware, Storage & Peripherals",dell-inc?cid=1184151
DAL-RM,Moscow,Delta Air Lines,Industrials,Airlines,delta-air-lines-new?cid=1178074
XRAY-RM,Moscow,Dentsply,Healthcare,Health Care Equipment & Supplies,dentsply-intl-inc-new?cid=1179718
DSKY,Moscow,Detskiy Mir,Consumer Discretionary,Specialty Retail,detskiy-mir-pao
DVN-RM,Moscow,Devon Energy,Energy,"Oil, Gas & Consumable Fuels",devon-energy?cid=1177310
DXCM-RM,Moscow,DexCom,Healthcare,Health Care Equipment & Supplies,dexcom?cid=1174114
FANG-RM,Moscow,Diamondback,Energy,"Oil, Gas & Consumable Fuels",diamondback-energy-inc?cid=1178110
DKS-RM,Moscow,Dick’s Sporting Goods,Consumer Discretionary,Specialty Retail,dicks-sporting-goods-inc?cid=1183170
APPS-RM,Moscow,Digital Turbine,Information Technology,Software,mandalay-digital-group-inc?cid=1183804
DIOD,Moscow,Diod OAO,Healthcare,Pharmaceuticals,diod-oao
DFS-RM,Moscow,Discover,Financial,Consumer Finance,discover-financl?cid=1178135
DISH-RM,Moscow,DISH Network,Communication Services,Media,dish-network?cid=1178100
DOCU-RM,Moscow,DocuSign,Information Technology,Software,docusign-inc?cid=1183820
DG-RM,Moscow,Dollar General,Consumer Discretionary,Multiline Retail,dollar-general-corp?cid=1174101
DLTR-RM,Moscow,Dollar Tree,Consumer Discretionary,Multiline Retail,dollar-tree-inc?cid=1178152
D-RM,Moscow,Dominion Energy,Utilities,Multi-Utilities,dominion-res?cid=1178098
DPZ-RM,Moscow,Domino’s Pizza Inc,Consumer Discretionary,"Hotels, Restaurants & Leisure",dominos-pizza-inc?cid=1183293
DZRD,Moscow,Donskoy Zavod Radiodetaley OAO,Information Technology,"Electronic Equipment, Instruments & Components",donskoy-zavod-radiodetaley-oao
DZRD_p,Moscow,Donskoy Zavod Radiodetaley OAO Pref,Information Technology,"Electronic Equipment, Instruments & Components",donskoy-zavod-radiodetaley-oao-pref
DASH-RM,Moscow,DoorDash,Consumer Discretionary,Internet & Direct Marketing Retail,doordash-inc?cid=1183812
DOV-RM,Moscow,Dover,Industrials,Machinery,dover-corp?cid=1177309
DOW-RM,Moscow,Dow,Materials,Chemicals,dow-chemical?cid=1177932
DOCS-RM,Moscow,Doximity,Healthcare,Health Care Technology,doximity?cid=1184153
DHI-RM,Moscow,DR Horton,Consumer Discretionary,Household Durables,d.r.-horton-inc?cid=1177903
DKNG-RM,Moscow,DraftKings,Consumer Discretionary,"Hotels, Restaurants & Leisure",diamond-eagle-acquisition-corp?cid=1180683
DBX-RM,Moscow,Dropbox,Information Technology,Software,dropbox-inc?cid=1180682
DUK-RM,Moscow,Duke Energy,Utilities,Electric Utilities,duke-energy?cid=1178111
DD-RM,Moscow,DuPont De Nemours,Materials,Chemicals,du-pont?cid=1172697
DXC-RM,Moscow,DXC Technology,Information Technology,IT Services,comp-science?cid=1178128
GTLC,Moscow,Dzhitiel PAO,Energy,"Oil, Gas & Consumable Fuels",gtl-oao
EMN-RM,Moscow,Eastman Chemical,Materials,Chemicals,eastman-chem?cid=1180828
EBAY-RM,Moscow,eBay,Consumer Discretionary,Internet & Direct Marketing Retail,ebay-inc?cid=1172699
ECL-RM,Moscow,Ecolab,Materials,Chemicals,ecolab-inc?cid=1174111
EIX-RM,Moscow,Edison,Utilities,Electric Utilities,edison-intl?cid=1179697
EDIT-RM,Moscow,Editas Medicine,Healthcare,Biotechnology,editas-medicine?cid=1185085
EW-RM,Moscow,Edwards Lifesciences,Healthcare,Health Care Equipment & Supplies,edward-lifescience?cid=1178130
EHTH-RM,Moscow,eHealth,Financial,Insurance,ehealth?cid=1174110
ELAN-RM,Moscow,Elanco Animal Health,Healthcare,Pharmaceuticals,elanco-animal-health?cid=1183786
EA-RM,Moscow,Electronic Arts,Communication Services,Entertainment,electronic-arts-inc?cid=1167273
LEPSI,Moscow,Elektromashinostoitelnyi Lepse,Industrials,Aerospace & Defense,elektromashinostoitelnyi-lepse
ELTZ,Moscow,Elektrotsink ao,Materials,Metals & Mining,electrozinc
LLY-RM,Moscow,Eli Lilly,Healthcare,Pharmaceuticals,eli-lilly-and-co?cid=1172669
EMR-RM,Moscow,Emerson,Industrials,Electrical Equipment,emerson-elec?cid=1177885
ENPG,Moscow,En Plus,Materials,Metals & Mining,en-plus-group-international-pao
ENRU,Moscow,Enel Russia OAO,Utilities,Electric Utilities,ogk-5
ENPH-RM,Moscow,Enphase,Information Technology,Semiconductors & Semiconductor Equipment,enphase-energy-inc?cid=1177312
ETR-RM,Moscow,Entergy,Utilities,Electric Utilities,entergy-corp?cid=1179732
EOG-RM,Moscow,EOG Resources,Energy,"Oil, Gas & Consumable Fuels",eog-resources?cid=1178086
EQT-RM,Moscow,EQT,Energy,"Oil, Gas & Consumable Fuels",eqt-corporation?cid=1180684
EFX-RM,Moscow,Equifax,Industrials,Professional Services,equifax-inc?cid=1180685
ETRN-RM,Moscow,Equitrans Midstream,Energy,"Oil, Gas & Consumable Fuels",equitrans-midstream?cid=1183782
EL-RM,Moscow,Estee Lauder,Consumer Staples,Personal Products,estee-lauder?cid=1179739
ETLNDR,Moscow,Etalon Group,Real Estate,Real Estate Management & Development,etalon-group?cid=1156755
ETSY-RM,Moscow,Etsy Inc,Consumer Discretionary,Internet & Direct Marketing Retail,etsy-inc?cid=1178107
EVRG-RM,Moscow,Evergy,Utilities,Electric Utilities,westar-energy?cid=1179722
ES-RM,Moscow,Eversource Energy,Utilities,Electric Utilities,northeast-utilities?cid=1179716
EXEL-RM,Moscow,Exelixis,Healthcare,Biotechnology,exelixis-inc?cid=1183185
EXC-RM,Moscow,Exelon,Utilities,Electric Utilities,exelon-corp?cid=1178083
EXPE-RM,Moscow,Expedia,Consumer Discretionary,"Hotels, Restaurants & Leisure",expedia?cid=1178120
EXPD-RM,Moscow,Expeditors Washington,Industrials,Air Freight & Logistics,expeditors-intl-wash-inc?cid=1177313
XOM-RM,Moscow,Exxon Mobil,Energy,"Oil, Gas & Consumable Fuels",exxon-mobil?cid=1165949
FFIV-RM,Moscow,F5 Networks,Information Technology,Communications Equipment,f5-networks-inc?cid=1177314
LIFE,Moscow,Farmsintez,Healthcare,Pharmaceuticals,pharmsynthez
FAST-RM,Moscow,Fastenal,Industrials,Trading Companies & Distributors,fastenal-co?cid=1178108
FSLY-RM,Moscow,Fastly,Information Technology,IT Services,fastly-inc?cid=1177317
FDX-RM,Moscow,FedEx,Industrials,Air Freight & Logistics,fedex-corp?cid=1167275
HYDR,Moscow,FGK Rusgidro PAO,Utilities,Electric Utilities,gidroogk-011d
FGEN-RM,Moscow,FibroGen Inc,Healthcare,Biotechnology,fibrogen-inc?cid=1185542
FNF-RM,Moscow,Fidelity Financial,Financial,Insurance,fidelity-national-financial?cid=1185373
FIS-RM,Moscow,Fidelity National Info,Information Technology,IT Services,fidelity-natl-in?cid=1178106
FITB-RM,Moscow,Fifth Third,Financial,Banks,fifth-third-bk?cid=1178080
FSLR-RM,Moscow,First Solar,Information Technology,Semiconductors & Semiconductor Equipment,first-solar-inc?cid=1177316
FE-RM,Moscow,FirstEnergy,Utilities,Electric Utilities,first-energy?cid=1178087
FISV-RM,Moscow,Fiserv,Information Technology,IT Services,fiserv-inc?cid=1172666
FIVN-RM,Moscow,Five9,Information Technology,Software,five9-inc?cid=1185541
FIXPDR,Moscow,Fix Price Group,Consumer Discretionary,Multiline Retail,fix-price-group-drc?cid=1171256
FLT-RM,Moscow,FleetCor,Information Technology,IT Services,fleetcor-tech?cid=1183295
FLR-RM,Moscow,Fluor,Industrials,Construction & Engineering,fluor-corp?cid=1184155
FMC-RM,Moscow,FMC,Materials,Chemicals,fmc-corp?cid=1179766
FL-RM,Moscow,Foot Locker,Consumer Discretionary,Specialty Retail,foot-locker?cid=1185540
F-RM,Moscow,Ford Motor,Consumer Discretionary,Automobiles,ford-motor-co?cid=1167274
FTNT-RM,Moscow,Fortinet,Information Technology,Software,fortinet?cid=1179746
FTV-RM,Moscow,Fortive,Industrials,Machinery,fortive-corp?cid=1178136
FBHS-RM,Moscow,Fortune Brands,Industrials,Building Products,fortune-brands-home---security?cid=1183294
FOX-RM,Moscow,Fox Corp B,Communication Services,Media,fox-corp-b?cid=1177933
BEN-RM,Moscow,Franklin Resources,Financial,Capital Markets,franklin-res?cid=1177301
FCX-RM,Moscow,Freeport-McMoran,Materials,Metals & Mining,freeport-mcm?cid=1172693
FEES,Moscow,FSK EES,Utilities,Electric Utilities,fsk-ees_rts
FNKO-RM,Moscow,Funko,Consumer Discretionary,Distributors,funko-inc?cid=1177315
GTHX-RM,Moscow,G1 Therapeutics,Healthcare,Biotechnology,g1-therapeutics-inc?cid=1174095
GPS-RM,Moscow,Gap,Consumer Discretionary,Specialty Retail,gap.inc?cid=1172696
IT-RM,Moscow,Gartner,Information Technology,IT Services,gartner?cid=1183297
GAZA,Moscow,Gaz PAO,Consumer Discretionary,Automobiles,gaz-auto-plant
GAZA_p,Moscow,Gaz PAO Pref,Consumer Discretionary,Automobiles,gaz-auto-plant-(pref)
RTGZ,Moscow,Gazprom Gazoraspredeleniye,Utilities,Gas Utilities,gazprom-gazoraspredeleniye
SIBN,Moscow,Gazprom Neft,Energy,"Oil, Gas & Consumable Fuels",gazprom-neft_rts
GAZP,Moscow,Gazprom PAO,Energy,"Oil, Gas & Consumable Fuels",gazprom_rts
GNRC-RM,Moscow,Generac,Industrials,Electrical Equipment,generac-holdings?cid=1179772
GD-RM,Moscow,General Dynamics,Industrials,Aerospace & Defense,general-dynam?cid=1177318
GE-RM,Moscow,General Electric,Industrials,Industrial Conglomerates,general-electric?cid=1167276
GIS-RM,Moscow,General Mills,Consumer Staples,Food Products,general-mills?cid=1178096
GM-RM,Moscow,General Motors,Consumer Discretionary,Automobiles,gen-motors?cid=1167277
GNTX-RM,Moscow,Gentex,Consumer Discretionary,Auto Components,gentex-corp?cid=1185374
GPC-RM,Moscow,Genuine Parts,Consumer Discretionary,Distributors,genuine-parts-co?cid=1177319
GEVO-RM,Moscow,Gevo,Energy,"Oil, Gas & Consumable Fuels",gevo?cid=1180686
GILD-RM,Moscow,Gilead,Healthcare,Biotechnology,gilead-sciences-inc?cid=1172685
RLMN,Moscow,Gk Rollman OAO,Materials,Chemicals,gk-rollman-oao
RLMN_p,Moscow,GK Rollman OAO Pref,Materials,Chemicals,gk-rollman-oao-pref
SMLT,Moscow,Gk Samolet,Real Estate,Real Estate Management & Development,gk-samolet-pao
TNSE,Moscow,GK TNS energo PAO,Utilities,Independent Power and Renewable Electricity Producers,gk-tns-energo-pao
GPN-RM,Moscow,Global Payments,Information Technology,IT Services,global-payments?cid=1179700
GLTRDR,Moscow,Globaltrans Inv,Industrials,Road & Rail,globaltrans-inv?cid=1167212
GTRK,Moscow,Globaltruck Management PAO,Industrials,Road & Rail,globaltrak
GS-RM,Moscow,Goldman Sachs,Financial,Capital Markets,goldman-sachs-group?cid=1174090
GDRX-RM,Moscow,Goodrx,Healthcare,Health Care Technology,goodrx-holdings-inc?cid=1184156
GT-RM,Moscow,Goodyear Tire & Rubber Co,Consumer Discretionary,Auto Components,goodyear-tire?cid=1174093
GRNT,Moscow,Gorodskiye Innovatsionnyye Tekhnologii,Industrials,Industrial Conglomerates,gorodskiye-innovatsionnyye-tekhnolo
GCHE,Moscow,Gruppa Cherkizovo,Consumer Staples,Food Products,gruppa-cherkizovo
LSRG,Moscow,Gruppa LSR,Real Estate,Real Estate Management & Development,lsr-group_rts
POSI,Moscow,Gruppa Pozitiv PAO,Information Technology,Software,gruppa-pozitiv-pao
RENI,Moscow,Gruppa Renessans Strakhovaniye PAO,Financial,Insurance,gruppa-renessans-strakhovaniye
HRB-RM,Moscow,H&R Block,Consumer Discretionary,Diversified Consumer Services,h---r-block-inc?cid=1185086
HAL-RM,Moscow,Halliburton,Energy,Energy Equipment & Services,halliburton-co?cid=1172694
HBI-RM,Moscow,Hanesbrands,Consumer Discretionary,"Textiles, Apparel & Luxury Goods",hanesbrands?cid=1178084
HOG-RM,Moscow,Harley-Davidson,Consumer Discretionary,Automobiles,harley-davidson?cid=1183167
HIG-RM,Moscow,Hartford,Financial,Insurance,hartford-finl?cid=1178129
HAS-RM,Moscow,Hasbro,Consumer Discretionary,Leisure Products,hasbro-inc?cid=1180687
HCA-RM,Moscow,HCA,Healthcare,Health Care Providers & Services,hca-holdings-inc?cid=1179720
HHRUDR,Moscow,HeadHunter ADR,Industrials,Professional Services,headhunter-group-plc?cid=1166764
MOMO-RMDR,Moscow,Hello Group,Communication Services,Interactive Media & Services,momo-inc?cid=1174108
HSIC-RM,Moscow,Henry Schein,Healthcare,Health Care Providers & Services,henry-schein?cid=1179761
HRTX-RM,Moscow,Heron Therapeuti,Healthcare,Biotechnology,heron-therapeuti?cid=1177324
HSY-RM,Moscow,Hershey Co,Consumer Staples,Food Products,hershey-co?cid=1177914
HES-RM,Moscow,Hess,Energy,"Oil, Gas & Consumable Fuels",hess-corp?cid=1178147
HPE-RM,Moscow,Hewlett Packard,Information Technology,"Technology Hardware, Storage & Peripherals",hewlett-packard-enterprise-co?cid=1174086
HLT-RM,Moscow,Hilton Worldwide,Consumer Discretionary,"Hotels, Restaurants & Leisure",hilton-worldwide?cid=1178137
HMSGDR,Moscow,HMS Hydraulic Machines Systems Group DRC,Industrials,Machinery,hms-hydraulic-machines-and-syste-be?cid=1174083
HFC-RM,Moscow,HollyFrontier,Energy,"Oil, Gas & Consumable Fuels",hollyfrontier-co?cid=1184157
HOLX-RM,Moscow,Hologic,Healthcare,Health Care Equipment & Supplies,hologic-inc?cid=1178144
HD-RM,Moscow,Home Depot,Consumer Discretionary,Specialty Retail,home-depot?cid=1172684
HON-RM,Moscow,Honeywell,Industrials,Industrial Conglomerates,honeywell-intl?cid=1172688
HRL-RM,Moscow,Hormel Foods,Consumer Staples,Food Products,hormel-foods-corp?cid=1177323
TWNK-RM,Moscow,Hostess Brands,Consumer Staples,Food Products,gores-holdings-inc?cid=1185386
HWM-RM,Moscow,Howmet,Industrials,Aerospace & Defense,howmet-aerospace-inc?cid=1178103
HPQ-RM,Moscow,HP Inc,Information Technology,"Technology Hardware, Storage & Peripherals",hewlett-pack?cid=1167278
HUM-RM,Moscow,Humana,Healthcare,Health Care Providers & Services,humana-inc?cid=1177923
HBAN-RM,Moscow,Huntington Bancshares,Financial,Banks,huntgtn-bkshr?cid=1177321
HII-RM,Moscow,Huntington Ingalls Industries,Industrials,Aerospace & Defense,huntington-ingalls-industries-inc?cid=1183296
HYLN-RM,Moscow,Hyliion Holdings,Industrials,Machinery,tortoise-acquisition-corp?cid=1183783
IBM-RM,Moscow,IBM,Information Technology,IT Services,ibm?cid=1169921
ICE-RM,Moscow,ICE,Financial,Capital Markets,intercontintlex?cid=1178133
IEX-RM,Moscow,IDEX,Industrials,Machinery,idex?cid=1180829
IDXX-RM,Moscow,IDEXX Labs,Healthcare,Health Care Equipment & Supplies,idexx-laboratorie?cid=1180688
IFF-RM,Moscow,IFF,Materials,Chemicals,intl-flav---frag?cid=1178123
IIVI-RM,Moscow,II-VI,Information Technology,"Electronic Equipment, Instruments & Components",ii-vi-inc?cid=1185087
ITW-RM,Moscow,Illinois Tool Works,Industrials,Machinery,illinois-tool-wk-r?cid=1177325
ILMN-RM,Moscow,Illumina,Healthcare,Life Sciences Tools & Services,"illumina,-inc.?cid=1172667"
INCY-RM,Moscow,Incyte,Healthcare,Biotechnology,incyte-corp?cid=1174118
IR-RM,Moscow,Ingersoll Rand,Industrials,Machinery,ingersoll-rand?cid=1178145
INGR,Moscow,Ingrad PAO,Real Estate,Real Estate Management & Development,otkrytye-investitsii-oao
INSG-RM,Moscow,Inseego,Information Technology,Communications Equipment,novatel-wireless?cid=1184158
ISKJ,Moscow,Institut Stvolovykh Kletok Cheloveka PAO,Healthcare,Biotechnology,human-stem-cells-institute
INTC-RM,Moscow,Intel,Information Technology,Semiconductors & Semiconductor Equipment,intel-corp?cid=1165938
NTLA-RM,Moscow,Intellia Therapeutics Inc,Healthcare,Biotechnology,intellia-therapeutics-inc?cid=1185376
IRAO,Moscow,Inter rao ees,Utilities,Electric Utilities,inter-rao-ees_mm
IP-RM,Moscow,International Paper,Materials,Containers & Packaging,intl-paper-co?cid=1178121
INTU-RM,Moscow,Intuit,Information Technology,Software,intuit?cid=1174115
ISRG-RM,Moscow,Intuitive Surgical,Healthcare,Health Care Equipment & Supplies,intuitive-surgical-inc?cid=1174091
IDVP,Moscow,Invest-Development PAO,Real Estate,Real Estate Management & Development,invest-development-pao
NVTA-RM,Moscow,InVitae Corp,Healthcare,Health Care Providers & Services,invitae-corp?cid=1183800
IONS-RM,Moscow,Ionis Pharma,Healthcare,Biotechnology,isis-pharma?cid=1185543
IOVA-RM,Moscow,Iovance Biotherapeutics,Healthcare,Biotechnology,lion-biotechnologies?cid=1184159
IPG-RM,Moscow,IPG,Communication Services,Media,interpublic-grp?cid=1178094
IPGP-RM,Moscow,IPG Photonics,Information Technology,"Electronic Equipment, Instruments & Components",ipg-photonics-corp.?cid=1180689
IQV-RM,Moscow,IQVIA Holdings,Healthcare,Life Sciences Tools & Services,quintis-trl-hlgs?cid=1179763
IRGZ,Moscow,Irkutskenergo,Utilities,Electric Utilities,irkutskenergo
IGST,Moscow,Izhstal,Materials,Metals & Mining,izhstal
IGST_p,Moscow,Izhstal Pref,Materials,Metals & Mining,izhstal-(pref)
JNJ-RM,Moscow,J&J,Healthcare,Pharmaceuticals,johnson-johnson?cid=1169911
JKHY-RM,Moscow,Jack Henry&Associates,Information Technology,IT Services,jack-henry---asso?cid=1180690
J-RM,Moscow,Jacobs Engineering,Industrials,Professional Services,jacobs-engineer?cid=1177327
JBHT-RM,Moscow,JB Hunt,Industrials,Road & Rail,j.b.-hunt-transpo?cid=1180830
JD-RMDR,Moscow,JD.com Inc Adr,Consumer Discretionary,Internet & Direct Marketing Retail,jd.com-inc-adr?cid=1177904
JEF-RM,Moscow,Jefferies Financial,Financial,Capital Markets,leucadia-natl?cid=1183173
SJM-RM,Moscow,JM Smucker,Consumer Staples,Food Products,jm-smucker-co?cid=1179758
JPM-RM,Moscow,JPMorgan,Financial,Banks,jp-morgan-chase?cid=1177326
JNPR-RM,Moscow,Juniper,Information Technology,Communications Equipment,juniper-networks-inc?cid=1178095
KLSB,Moscow,Kaluzhsk Sbytovaya,Utilities,Independent Power and Renewable Electricity Producers,kaluga-power-sale-comp
KMAZ,Moscow,KAMAZ,Industrials,Machinery,kamaz
KCHE,Moscow,Kamchatskenergo,Utilities,Electric Utilities,kamchatskenergo
KCHE_p,Moscow,Kamchatskenergo Pref,Utilities,Electric Utilities,kamchatskenergo-(pref)
KPMOI,Moscow,Kazanskoye Motoros,Industrials,Electrical Equipment,kazanskoye-motoros-proizvod
K-RM,Moscow,Kellogg,Consumer Staples,Food Products,kellogg-co.?cid=1177915
KDP-RM,Moscow,Keurig Dr Pepper,Consumer Staples,Beverages,dr-pepper-snapple?cid=1180831
KEY-RM,Moscow,KeyCorp,Financial,Banks,keycorp-new?cid=1177328
KEYS-RM,Moscow,Keysight Technologies,Information Technology,"Electronic Equipment, Instruments & Components",keysight-technologies?cid=1179762
KGKC,Moscow,KGK,Utilities,Water Utilities,kurganskaya-generiruyushchaya-komp
KGKC_p,Moscow,KGK Pref,Utilities,Water Utilities,kurganskaya-generiruyushchaya-pref
HIMC,Moscow,Khimprom,Materials,Chemicals,khimprom
HIMC_p,Moscow,Khimprom Pref,Materials,Chemicals,khimprom-(pref)
KMB-RM,Moscow,Kimberly-Clark,Consumer Staples,Household Products,kimberly-clark?cid=1177330
KMI-RM,Moscow,Kinder Morgan,Energy,"Oil, Gas & Consumable Fuels",kinder-morgan?cid=1177331
KKR-RM,Moscow,KKR & Co,Financial,Capital Markets,kkr---co-lp?cid=1184160
KLAC-RM,Moscow,KLA-Tencor,Information Technology,Semiconductors & Semiconductor Equipment,kla-tencor-corp?cid=1177329
UNKL,Moscow,Kombinat Yuzhuralnikel' OAO,Materials,Metals & Mining,kombinat-yuzhuralnikel-oao
KOPN-RM,Moscow,Kopin,Information Technology,Semiconductors & Semiconductor Equipment,kopin-corp?cid=1183810
VSMO,Moscow,Korporatsiya VSMPO AVISMA PAO,Materials,Metals & Mining,vsmpo-avisma-crp_rts
KOGK,Moscow,Korshunovskii GOK,Materials,Metals & Mining,korshynov-mining-plant
KMEZ,Moscow,Kovrovskiy Mekhanicheskiy,Industrials,Machinery,kovrovskiy-mekhanicheskiy
KHC-RM,Moscow,Kraft Heinz,Consumer Staples,Food Products,kraft-foods-inc?cid=1168229
KRSB,Moscow,Krasnoyarskenergosbyt,Utilities,Electric Utilities,krasnoyarskenergosbyt
KRSB_p,Moscow,Krasnoyarskenergosbyt Pref,Utilities,Electric Utilities,krasnoyarskenergosbyt-(pref)
KROT,Moscow,Krasnyi Oktyabr,Consumer Staples,Food Products,krasnyj-octyabr-co.
KROT_p,Moscow,Krasnyi Oktyabr pref,Consumer Staples,Food Products,krasnyj-octyabr-co.-(pref)
KR-RM,Moscow,Kroger,Consumer Staples,Food & Staples Retailing,kroger-co?cid=1172668
KTSB,Moscow,KSB PAO,Utilities,Electric Utilities,kostroma-retail-company
KTSB_p,Moscow,KSB PAO Pref,Utilities,Electric Utilities,kostroma-retail-company-(pref)
KUBE,Moscow,KubanEnrg,Utilities,Electric Utilities,kubanenergo-oao
KAZT_p,Moscow,Kuibishevazot Pref,Materials,Chemicals,kuibyshevazot-(pref)
KAZT,Moscow,KuybyshevAzot,Materials,Chemicals,kuibyshevazot
TGKD,Moscow,Kvadra Generiruyushchaya Kompaniya PAO,Utilities,Electric Utilities,quadra---power-generation
TGKD_p,Moscow,Kvadra Generiruyushchaya Kompaniya PAO Prf,Utilities,Electric Utilities,quadra---power-generation-(pref)
KD-RM,Moscow,Kyndryl Holdings,Information Technology,IT Services,kyndryl-holdings?cid=1180691
LHX-RM,Moscow,L3Harris Technologies,Industrials,Aerospace & Defense,harris-corporation?cid=1179750
LH-RM,Moscow,Laboratory America,Healthcare,Health Care Providers & Services,laboratory-corp-of-amer?cid=1180832
LRCX-RM,Moscow,Lam Research,Information Technology,Semiconductors & Semiconductor Equipment,lam-research-corp?cid=1172671
LW-RM,Moscow,Lamb Weston Holdings,Consumer Staples,Food Products,lamb-weston-holdings-inc?cid=1179752
LVS-RM,Moscow,Las Vegas Sands,Consumer Discretionary,"Hotels, Restaurants & Leisure",las-vegas-sands?cid=1177889
LSCC-RM,Moscow,Lattice,Information Technology,Semiconductors & Semiconductor Equipment,lattice-semiconductor?cid=1185545
LEG-RM,Moscow,Leggett&Platt,Consumer Discretionary,Household Durables,leggett---platt?cid=1177332
LDOS-RM,Moscow,Leidos,Industrials,Professional Services,leidos-holdings?cid=1179774
LSNG_p,Moscow,Lenenergo Pref,Utilities,Electric Utilities,lenenergo-(pref)
LSNG,Moscow,LenEnrg,Utilities,Electric Utilities,lenenergo
LEN-RM,Moscow,Lennar,Consumer Discretionary,Household Durables,lennar?cid=1178127
LNTADR,Moscow,Lenta Ltd,Consumer Staples,Food & Staples Retailing,lenta-ltd?cid=962408
LNZL,Moscow,Lenzoloto PAO,Materials,Metals & Mining,lenzoloto-oao
LNZL_p,Moscow,Lenzoloto PAO Prf,Materials,Metals & Mining,lenzoloto-oao-pref
LVHK,Moscow,Levenguk OAO,Information Technology,"Electronic Equipment, Instruments & Components",levenguk-oao
LI-RMDR,Moscow,Li Auto,Consumer Discretionary,Automobiles,li-auto-inc?cid=1177900
LNC-RM,Moscow,Lincoln National,Financial,Insurance,lincoln-natl?cid=1177886
LPSB,Moscow,Lipetskaya energosbytovaya,Utilities,Electric Utilities,lipetsk-power-sale-comp
LYV-RM,Moscow,Live Nation Entertainment,Communication Services,Entertainment,live-nation-entertainment-inc?cid=1178139
LTHM-RM,Moscow,Livent,Materials,Chemicals,livent-corp?cid=1177361
LKQ-RM,Moscow,LKQ,Consumer Discretionary,Distributors,lkq?cid=1179707
LMT-RM,Moscow,Lockheed Martin,Industrials,Aerospace & Defense,lockheed-martin?cid=1172689
L-RM,Moscow,Loews,Financial,Insurance,loews-corporation?cid=1179765
RIDE-RM,Moscow,Lordstown Motors,Consumer Discretionary,Automobiles,diamondpeak-holdings-corp?cid=1180700
LPX-RM,Moscow,Louisiana-Pacific,Materials,Paper & Forest Products,louisiana-pacific?cid=1183184
LOW-RM,Moscow,Lowe’s,Consumer Discretionary,Specialty Retail,lowes-companies?cid=1172670
LKOH,Moscow,Lukoil,Energy,"Oil, Gas & Consumable Fuels",lukoil_rts
LULU-RM,Moscow,Lululemon Athletica,Consumer Discretionary,"Textiles, Apparel & Luxury Goods",lululemon-athletica?cid=1185544
LUMN-RM,Moscow,Lumen Technologies,Communication Services,Diversified Telecommunication Services,centurylink?cid=1174092
LAZR-RM,Moscow,Luminar Tech,Consumer Discretionary,Auto Components,gores-metropoulos-inc?cid=1180692
LYFT-RM,Moscow,LYFT,Industrials,Road & Rail,lyft?cid=1180693
MTB-RM,Moscow,M&T Bank,Financial,Banks,m-t-bank-corp?cid=1179760
M-RM,Moscow,Macy’s Inc,Consumer Discretionary,Multiline Retail,macys?cid=1172698
MAGE,Moscow,Magadanenergo ao,Utilities,Electric Utilities,magadanenergo
MAGE_p,Moscow,Magadanenergo Pref,Utilities,Electric Utilities,magadanenergo-(pref)
MGNT,Moscow,Magnit,Consumer Staples,Food & Staples Retailing,magnit_rts
MGY-RM,Moscow,Magnolia Oil,Energy,"Oil, Gas & Consumable Fuels",tpg-pace-energy-class-a?cid=1183168
MRO-RM,Moscow,Marathon Oil,Energy,"Oil, Gas & Consumable Fuels",marathon-oil?cid=1177895
MPC-RM,Moscow,Marathon Petroleum,Energy,"Oil, Gas & Consumable Fuels",marathon-petroleum-corp.?cid=1172672
MKTX-RM,Moscow,MarketAxesss,Financial,Capital Markets,marketaxess-holdi?cid=1182872
MQ-RM,Moscow,Marqeta,Information Technology,IT Services,marqeta?cid=1183181
MAR-RM,Moscow,Marriott Int,Consumer Discretionary,"Hotels, Restaurants & Leisure",marriott-intl?cid=1178134
MMC-RM,Moscow,Marsh McLennan,Financial,Insurance,marsh---mclennan?cid=1179702
MLM-RM,Moscow,Martin Marietta Materials,Materials,Construction Materials,martin-marietta-materials-inc?cid=1183298
MRVL-RM,Moscow,Marvell,Information Technology,Semiconductors & Semiconductor Equipment,marvell-technology-group-ltd?cid=1180695
MAS-RM,Moscow,Masco,Industrials,Building Products,masco-corp?cid=1179698
MA-RM,Moscow,Mastercard,Information Technology,IT Services,mastercard-cl-a?cid=1165941
MTCH-RM,Moscow,Match Group,Communication Services,Interactive Media & Services,match-group-inc?cid=1184164
MAT-RM,Moscow,Mattel,Consumer Discretionary,Leisure Products,mattel-inc?cid=1184161
MKC-RM,Moscow,McCormick&Co,Consumer Staples,Food Products,mccormick---co?cid=1177333
MCD-RM,Moscow,McDonald’s,Consumer Discretionary,"Hotels, Restaurants & Leisure",mcdonalds?cid=1165942
MCK-RM,Moscow,McKesson,Healthcare,Health Care Providers & Services,mckesson-corp?cid=1179745
MDMGDR,Moscow,MD Medical DRC,Healthcare,Health Care Providers & Services,md-medical-drc?cid=1167487
MTLR,Moscow,Mechel PAO,Materials,Metals & Mining,sg-mechel_rts
MTLR_p,Moscow,Mechel Pref,Materials,Metals & Mining,mechel-(pref)
ODVA,Moscow,Mediaholding,Communication Services,Media,o2-tv
MRK-RM,Moscow,Merck&Co,Healthcare,Pharmaceuticals,merck---co?cid=1171368
FB-RM,Moscow,Meta Platforms,Communication Services,Interactive Media & Services,facebook-inc?cid=1165936
MET-RM,Moscow,MetLife,Financial,Insurance,metlife-inc?cid=1177916
MTD-RM,Moscow,Mettler-Toledo,Healthcare,Life Sciences Tools & Services,mettler-toledo-international-inc?cid=1183299
MRKU,Moscow,Mezhregional’naya Raspredelitel’naya Setevaya Komp,Utilities,Electric Utilities,mrsk-urala-ao
MTG-RM,Moscow,MGIC Investment,Financial,Thrifts & Mortgage Finance,mgic-inv?cid=1184162
MGM-RM,Moscow,MGM,Consumer Discretionary,"Hotels, Restaurants & Leisure",mgm-mirage?cid=1177876
MGTS,Moscow,MGTS,Communication Services,Diversified Telecommunication Services,moscow-city-telephone-network
MGTS_p,Moscow,MGTS Pref,Communication Services,Diversified Telecommunication Services,mgts-(pref)
MCHP-RM,Moscow,Microchip,Information Technology,Semiconductors & Semiconductor Equipment,microchip-technology-inc?cid=1179699
MU-RM,Moscow,Micron,Information Technology,Semiconductors & Semiconductor Equipment,micron-tech?cid=1165940
MSFT-RM,Moscow,Microsoft,Information Technology,Software,microsoft-corp?cid=1165939
MSTR-RM,Moscow,MicroStrategy,Information Technology,Software,microstrategy-inc?cid=1174098
MVIS-RM,Moscow,Microvision,Information Technology,"Electronic Equipment, Instruments & Components",microvision?cid=1180694
LENT,Moscow,MK Lenta PAO,Consumer Staples,Food & Staples Retailing,mk-lenta-pao
MAGN,Moscow,MMK,Materials,Metals & Mining,mmk_rts
GEMA,Moscow,MMTsB,Healthcare,Health Care Providers & Services,mmtsb-pao
MRNA-RM,Moscow,Moderna,Healthcare,Biotechnology,moderna?cid=1172691
MHK-RM,Moscow,Mohawk Industries,Consumer Discretionary,Household Durables,mohawk-industries?cid=1182873
TAP-RM,Moscow,Molson Coors Brewing B,Consumer Staples,Beverages,molson-coors?cid=1178140
MDLZ-RM,Moscow,Mondelez,Consumer Staples,Food Products,mondelez-international-inc?cid=1177879
MPWR-RM,Moscow,Monolithic,Information Technology,Semiconductors & Semiconductor Equipment,monolithic-power?cid=1184165
MNST-RM,Moscow,Monster Beverage,Consumer Staples,Beverages,monster-beverage?cid=1174097
MCO-RM,Moscow,Moody’s,Financial,Capital Markets,moodys-corp?cid=1182874
MRSB,Moscow,Mordovskaya Energosbytovaya,Utilities,Electric Utilities,mordovskaya-energosbytovaya
MS-RM,Moscow,Morgan Stanley,Financial,Capital Markets,morgan-stanley?cid=1174104
MORI,Moscow,Morion OAO,Information Technology,Communications Equipment,morion-oao
MSRS,Moscow,Mos obl sb,Utilities,Electric Utilities,mos-obl-sb_rts
MOS-RM,Moscow,Mosaic,Materials,Chemicals,mosaic-company?cid=1174119
MSNG,Moscow,MosEnrg,Utilities,Electric Utilities,mosenergo_rts
MOEX,Moscow,Moskovskaya Birzha OAO,Financial,Capital Markets,moskovskaya-birzha-oao
CBOM,Moscow,Moskovskiy Kreditnyi Bank OAO,Financial,Banks,moskovskiy-kreditnyi-bank-oao
MSTT,Moscow,Mostotrest,Industrials,Construction & Engineering,mostotrest_rts
MSI-RM,Moscow,Motorola,Information Technology,Communications Equipment,motorola-inc?cid=1182871
MRKC,Moscow,MRSK Tsentra,Utilities,Electric Utilities,mrsk-centra
MSCI-RM,Moscow,MSCI,Financial,Capital Markets,msci-inc?cid=1177335
MTSS,Moscow,MTS,Communication Services,Wireless Telecommunication Services,mts_rts
MSST,Moscow,MulTisistema OAO,Industrials,Commercial Services & Supplies,multisistema-oao
MUR-RM,Moscow,Murphy Oil,Energy,"Oil, Gas & Consumable Fuels",murphy-oil-corp?cid=1184163
MVID,Moscow,MVideo,Consumer Discretionary,Specialty Retail,mvideo_rts
NDAQ-RM,Moscow,Nasdaq Inc,Financial,Capital Markets,nasdaq-omx-group?cid=1180696
NSVZ,Moscow,Nauka-Svyaz OAO ao,Communication Services,Diversified Telecommunication Services,nauka-svyaz
NAVI-RM,Moscow,Navient,Financial,Consumer Finance,navient-cor?cid=1185377
NFAZ,Moscow,NefAZ,Industrials,Machinery,nefaz
NTAP-RM,Moscow,NetApp,Information Technology,"Technology Hardware, Storage & Peripherals",network-appliance-inc?cid=1177924
NFLX-RM,Moscow,Netflix,Communication Services,Entertainment,"netflix,-inc.?cid=1165944"
NWL-RM,Moscow,Newell Brands,Consumer Discretionary,Household Durables,newell-rubber?cid=1178125
NEM-RM,Moscow,Newmont Goldcorp,Materials,Metals & Mining,newmont-mining?cid=1167279
NWS-RM,Moscow,News Corp,Communication Services,Media,news-corporation?cid=1177337
NEE-RM,Moscow,NextEra Energy,Utilities,Electric Utilities,nextera-energy-inc?cid=1169913
NKE-RM,Moscow,Nike,Consumer Discretionary,"Textiles, Apparel & Luxury Goods",nike?cid=1169920
NIO-RMDR,Moscow,Nio A ADR,Consumer Discretionary,Automobiles,nio-inc?cid=1176203
NI-RM,Moscow,NiSource,Utilities,Multi-Utilities,ni-source-inc?cid=1178101
NKNC,Moscow,Nizhnekamskneftekhim,Materials,Chemicals,nizhnekamskneftekhim
NKNC_p,Moscow,Nizhnekamskneftekhim Pref,Materials,Chemicals,nizhnekamskneftekhim-(pref)
NKSH,Moscow,Nizhnekamskshina,Consumer Discretionary,Auto Components,nizhnekamskshina
RNFT,Moscow,NK RussNeft,Energy,"Oil, Gas & Consumable Fuels",ruspetro
NKHP,Moscow,NKHP PAO,Industrials,Transportation Infrastructure,nkhp-pao
NLMK,Moscow,NLMK PAO,Materials,Metals & Mining,nlmk_rts
NMTP,Moscow,NMTP,Industrials,Transportation Infrastructure,nmtp_rts
JWN-RM,Moscow,Nordstrom,Consumer Discretionary,Multiline Retail,nordstrom-inc?cid=1183787
NSC-RM,Moscow,Norfolk Southern,Industrials,Road & Rail,norfolk-southern?cid=1179737
GMKN,Moscow,Norilskiy Nikel,Materials,Metals & Mining,gmk-noril-nickel_rts
NTRS-RM,Moscow,Northern Trust,Financial,Capital Markets,northern-trust?cid=1179771
NOC-RM,Moscow,Northrop Grumman,Industrials,Aerospace & Defense,northrop-grumman?cid=1177887
NLOK-RM,Moscow,NortonLifeLock Inc,Information Technology,Software,symantec-corp?cid=1174096
NOV-RM,Moscow,Nov,Energy,Energy Equipment & Services,ntl-oilwell-varc?cid=1178082
NVS-RMDR,Moscow,Novartis ADR,Healthcare,Pharmaceuticals,novartis-ag?cid=1173224
NVTK,Moscow,NOVATEK,Energy,"Oil, Gas & Consumable Fuels",novatek_rts
IRKT,Moscow,Np Korp Irkut,Industrials,Aerospace & Defense,irkut-corp
UWGN,Moscow,NPK OVK PAO,Industrials,Machinery,npk-ovk-pao
NAUK,Moscow,Npo Nauka,Industrials,Aerospace & Defense,nauka
NRG-RM,Moscow,NRG,Utilities,Electric Utilities,nrg-energy-inc?cid=1178113
MVZMI_p,Moscow,NTSV Mil’ i Kamov AO Prf,Industrials,Aerospace & Defense,mvz-im-milya
NUE-RM,Moscow,Nucor,Materials,Metals & Mining,nucor?cid=1177927
NTNX-RM,Moscow,Nutanix,Information Technology,Software,nutanix-inc?cid=1184166
NVDA-RM,Moscow,NVIDIA,Information Technology,Semiconductors & Semiconductor Equipment,nvidia-corp?cid=1165943
NVR-RM,Moscow,NVR,Consumer Discretionary,Household Durables,nvr-inc?cid=1177336
OI-RM,Moscow,O-I Glass,Materials,Containers & Packaging,owens-illinois-inc?cid=1185546
UCSS,Moscow,Obyedinennye Kreditnye Sist,Financial,Diversified Financial Services,obyedinennye-kreditnye-sist
UNAC,Moscow,Ob’’yedinennaya Aviastroitel’naya Korporatsiya PAO,Industrials,Aerospace & Defense,united-aircraft-corporation
OMZZ_p,Moscow,Ob’’yedinennyye Mashinostroitel’nyye Zavody PAO Pr,Industrials,Industrial Conglomerates,omz-(pref)
OXY-RM,Moscow,Occidental,Energy,"Oil, Gas & Consumable Fuels",occidental-petro?cid=1172674
OGE-RM,Moscow,OGE Energy,Utilities,Electric Utilities,oge-energy?cid=1185378
OGKB,Moscow,OGK-2,Utilities,Independent Power and Renewable Electricity Producers,ogk-2_rts
RUAL,Moscow,OK Rusal MKPAO,Materials,Metals & Mining,united-company-rusal-plc`
OKEYDR,Moscow,OKey DRC,Consumer Staples,Food & Staples Retailing,okey-drc?cid=1168315
OKTA-RM,Moscow,Okta,Information Technology,IT Services,okta-inc?cid=1185719
ODFL-RM,Moscow,Old Dominion Freight Line,Industrials,Road & Rail,old-dominion-freight-line-inc?cid=1183300
OMC-RM,Moscow,Omnicom,Communication Services,Media,omnicom-gp-inc?cid=1179708
ON-RM,Moscow,ON Semiconductor,Information Technology,Semiconductors & Semiconductor Equipment,on-semiconductor?cid=1180697
OKE-RM,Moscow,ONEOK,Energy,"Oil, Gas & Consumable Fuels",oneok?cid=1175478
ORUP,Moscow,OR PAO,Consumer Discretionary,"Textiles, Apparel & Luxury Goods",or-pao
ORCL-RM,Moscow,Oracle,Information Technology,Software,oracle-corp?cid=1172687
OSUR-RM,Moscow,OraSure,Healthcare,Health Care Equipment & Supplies,orasure-tech?cid=1177362
KZOS,Moscow,Organicheskiy Sintez,Materials,Chemicals,kazanorgsintez
KZOS_p,Moscow,Organicheskiy Sintez Pref,Materials,Chemicals,organicheskiy-sintez-kpao
OGN-RM,Moscow,Organon Co,Healthcare,Pharmaceuticals,organon-co?cid=1177917
OTIS-RM,Moscow,Otis Worldwide,Industrials,Machinery,otis-worldwide-corp?cid=1178138
OVV-RM,Moscow,Ovintiv,Energy,"Oil, Gas & Consumable Fuels",encana-corporation?cid=1184167
OZONDR,Moscow,Ozon,Consumer Discretionary,Internet & Direct Marketing Retail,ozon-holdings-plc?cid=1167498
ORLY-RM,Moscow,O’Reilly Automotive,Consumer Discretionary,Specialty Retail,oreilly-automotive?cid=1180833
PCAR-RM,Moscow,PACCAR,Industrials,Machinery,paccar-inc?cid=1177925
PKG-RM,Moscow,Packaging America,Materials,Containers & Packaging,packaging-corp?cid=1184170
PD-RM,Moscow,Pagerduty,Information Technology,Software,pagerduty-inc?cid=1185720
PLTR-RM,Moscow,Palantir,Information Technology,Software,palantir-technologies-inc?cid=1174089
VIAC-RM,Moscow,Paramount Global B,Communication Services,Media,viacom-cl-b?cid=1174107
PARA-RM,Moscow,Paramount Global B,Communication Services,Media,viacom-cl-b?cid=1186219
PH-RM,Moscow,Parker-Hannifin,Industrials,Machinery,parkerhannifin?cid=1179764
PAZA,Moscow,Pavlovskiy Avtobus OAO,Industrials,Machinery,pavlovskiy-avtobus-oao
PAYX-RM,Moscow,Paychex,Information Technology,IT Services,paychex-inc?cid=1177919
PAYC-RM,Moscow,Paycom Soft,Information Technology,Software,paycom-soft?cid=1177338
PYPL-RM,Moscow,PayPal Holdings Inc,Information Technology,IT Services,paypal-holdings-inc?cid=1167280
PBF-RM,Moscow,PBF Energy,Energy,"Oil, Gas & Consumable Fuels",pbf-energy-inc?cid=1177340
PTON-RM,Moscow,Peloton Interactive,Consumer Discretionary,Leisure Products,peloton-interactive-inc?cid=1179695
PENN-RM,Moscow,Penn National Gaming,Consumer Discretionary,"Hotels, Restaurants & Leisure",penn-national-gaming-inc?cid=1178088
PBCT-RM,Moscow,People’s United,Financial,Banks,peoples-united-financial?cid=1177339
PEP-RM,Moscow,PepsiCo,Consumer Staples,Beverages,pepsico?cid=1177918
PFGC-RM,Moscow,Performance Food Group Co,Consumer Staples,Food & Staples Retailing,performance-food-group-co?cid=1185547
PKI-RM,Moscow,PerkinElmer,Healthcare,Life Sciences Tools & Services,perkinelmer?cid=1179770
PMSB,Moscow,Permskaya Energosbytovaya,Utilities,Electric Utilities,perm-sb
PMSB_p,Moscow,Permskaya Pref,Utilities,Electric Utilities,perm-energosbyt-pref
PTR-RMDR,Moscow,PetroChina ADR,Energy,"Oil, Gas & Consumable Fuels",petrochina-co-ads-exch?cid=1173225
POGR,Moscow,Petropavlovsk,Materials,Metals & Mining,petropavlovsk?cid=1163242
PFE-RM,Moscow,Pfizer,Healthcare,Pharmaceuticals,pfizer?cid=1165945
PCG-RM,Moscow,PG E,Utilities,Electric Utilities,pacific-gas-electric?cid=1180698
PM-RM,Moscow,Philip Morris,Consumer Staples,Tobacco,philip-morris-intl?cid=1177873
PSX-RM,Moscow,Phillips 66,Energy,"Oil, Gas & Consumable Fuels",phillips-66-ltd?cid=1177901
PHOR,Moscow,PhosAgro ao,Materials,Chemicals,phosagro
MERF,Moscow,Pifn Meridian OAO,Financial,Capital Markets,pifn-meridian-oao
PIKK,Moscow,PIK,Consumer Discretionary,Household Durables,pik_rts
PINS-RM,Moscow,Pinterest,Communication Services,Interactive Media & Services,pinterest-inc?cid=1177341
PXD-RM,Moscow,Pioneer Natural,Energy,"Oil, Gas & Consumable Fuels",pioneer-natural-resources?cid=1178132
PBI-RM,Moscow,Pitney Bowes,Industrials,Commercial Services & Supplies,pitney-bowes-inc?cid=1184168
PLUG-RM,Moscow,Plug Power,Industrials,Electrical Equipment,plug-power?cid=1177342
PNC-RM,Moscow,PNC Financial,Financial,Banks,pnc-fin-serv?cid=1179709
PEkREN,Moscow,PNK Rental ZPIFN,Financial,Capital Markets,novosibirsk-development1-zpifn
POLY,Moscow,Polymetal,Materials,Metals & Mining,polymetal?cid=44465
PLZL,Moscow,Polyus,Materials,Metals & Mining,polyus-zoloto_rts
POOL-RM,Moscow,Pool,Consumer Discretionary,Distributors,pool-corp?cid=1184171
PPG-RM,Moscow,PPG Industries,Materials,Chemicals,ppg-industries?cid=1177343
PPL-RM,Moscow,PPL,Utilities,Electric Utilities,ppl-corp?cid=1178085
FPR,Moscow,Primary Placement Fund CEIF RU,Financial,Capital Markets,fond-pervichnykh-razmeshcheniy
PFG-RM,Moscow,Principal Financial,Financial,Insurance,principal-fin?cid=1179723
PG-RM,Moscow,Procter&Gamble,Consumer Staples,Household Products,procter-gamble?cid=1168316
PGR-RM,Moscow,Progressive,Financial,Insurance,the-progressive?cid=1178119
PRU-RM,Moscow,Prudential Financial,Financial,Insurance,prudential-fin?cid=1178146
PTC-RM,Moscow,PTC,Information Technology,Software,ptc?cid=1179773
PEG-RM,Moscow,Public Service Enterprise,Utilities,Multi-Utilities,publ-svc-enter?cid=1178148
PHM-RM,Moscow,PulteGroup,Consumer Discretionary,Household Durables,pulte-homes-inc?cid=1178114
PSTG-RM,Moscow,Pure Storage Inc,Information Technology,"Technology Hardware, Storage & Peripherals",pure-storage-inc?cid=1183736
PVH-RM,Moscow,PVH,Consumer Discretionary,"Textiles, Apparel & Luxury Goods",pvh?cid=1179755
QIWIDR,Moscow,QIWI,Information Technology,IT Services,qiwi-plc?cid=960754
QRVO-RM,Moscow,Qorvo Inc,Information Technology,Semiconductors & Semiconductor Equipment,qorvo-inc?cid=1177928
QCOM-RM,Moscow,Qualcomm,Information Technology,Semiconductors & Semiconductor Equipment,qualcomm-inc?cid=1167281
XM-RM,Moscow,Qualtrics International,Information Technology,Software,qualtrics-international-inc?cid=1185391
PWR-RM,Moscow,Quanta Services,Industrials,Construction & Engineering,quanta-services?cid=1179743
QS-RM,Moscow,Quantumscape,Consumer Discretionary,Auto Components,kensington-capital-acquisition?cid=1180699
DGX-RM,Moscow,Quest Diagnostics,Healthcare,Health Care Providers & Services,quest-diag?cid=1179741
QDEL-RM,Moscow,Quidel,Healthcare,Health Care Equipment & Supplies,quidel-corp?cid=1177344
QRTEA-RM,Moscow,Qurate Retail A,Consumer Discretionary,Internet & Direct Marketing Retail,liberty-media-inter?cid=1183811
RL-RM,Moscow,Ralph Lauren A,Consumer Discretionary,"Textiles, Apparel & Luxury Goods",polo-ralph-laur?cid=1177896
RRC-RM,Moscow,Range Resources,Energy,"Oil, Gas & Consumable Fuels",range-resources-corp?cid=1183733
RASP,Moscow,Raspadskaya,Materials,Metals & Mining,raspadskaya
RAVN,Moscow,Raven Russia,Real Estate,Real Estate Management & Development,raven-russia-ltd?cid=1162033
RJF-RM,Moscow,Raymond James Financial,Financial,Capital Markets,raymond-james-financial-inc?cid=1184173
RTX-RM,Moscow,Raytheon Technologies,Industrials,Aerospace & Defense,united-tech?cid=1172675
RBCM,Moscow,RBK ao,Communication Services,Media,rbk-tv-moskva
REGN-RM,Moscow,Regeneron Pharma,Healthcare,Biotechnology,regeneron-phar.?cid=1172704
RF-RM,Moscow,Regions Financial,Financial,Banks,regions-fin?cid=1177346
REGI-RM,Moscow,Renewable Energy,Energy,"Oil, Gas & Consumable Fuels",renewable-energy-group-inc?cid=1177345
RSG-RM,Moscow,Republic Services,Industrials,Commercial Services & Supplies,republic-services-inc?cid=1179740
RMD-RM,Moscow,ResMed,Healthcare,Health Care Equipment & Supplies,resmed-inc?cid=1184174
RKKE,Moscow,RKK Energia,Industrials,Aerospace & Defense,rsc-energia
CHGZ,Moscow,RN Zapadnaya Sibir’ PAO,Industrials,Professional Services,chernorgorneft
RHI-RM,Moscow,Robert Half,Industrials,Professional Services,robert-half-intl?cid=1179767
HOOD-RM,Moscow,Robinhood Markets,Financial,Capital Markets,robinhood-markets?cid=1177322
ROK-RM,Moscow,Rockwell Automation,Industrials,Electrical Equipment,rockwell-automat?cid=1180702
ROKU-RM,Moscow,Roku,Communication Services,Entertainment,roku?cid=1183755
ROL-RM,Moscow,Rollins,Industrials,Commercial Services & Supplies,rollins-inc?cid=1179731
ROP-RM,Moscow,Roper Technologies,Information Technology,Software,roper-industries?cid=1177347
AGRODR,Moscow,Ros Agro PLC,Consumer Staples,Food Products,ros-agro-plc
RDRB,Moscow,RosDorBank PAO,Financial,Banks,rosdorbank-pao
RGSS,Moscow,Rosgosstrakh OAO,Financial,Insurance,rosgosstrakh-oao
ROST,Moscow,ROSINTER RESTAURANTS,Consumer Discretionary,"Hotels, Restaurants & Leisure",rosinter-restaurants-holding
ROSN,Moscow,Rosneft,Energy,"Oil, Gas & Consumable Fuels",rosneft_rts
ROST-RM,Moscow,Ross Stores,Consumer Discretionary,Specialty Retail,ross-stores-inc?cid=1178150
MRKK,Moscow,Rosseti Severnyi Kavkaz PAO,Utilities,Electric Utilities,mrsk-severnogo-kavkaza
MRKZ,Moscow,Rosseti Severo Zapad PAO,Utilities,Electric Utilities,mrsk-severo-zapada
MRKS,Moscow,Rosseti Sibir’ PAO,Utilities,Electric Utilities,mrsk-sibiri
MRKP,Moscow,Rosseti Tsentr I Privolzh’ye,Utilities,Electric Utilities,mrsk-cip
MRKV,Moscow,Rosseti Volga PAO,Utilities,Electric Utilities,mrsk-volgi
MRKY,Moscow,Rosseti Yug PAO,Utilities,Electric Utilities,mrsk-yuga
RSTI,Moscow,Rossiyskiye Seti PAO,Utilities,Electric Utilities,rosseti-ao
RSTI_p,Moscow,Rossiyskiye Seti PAO Prf,Utilities,Electric Utilities,rosseti-ap-(pref)
RTKM,Moscow,Rostelecom,Communication Services,Diversified Telecommunication Services,rostelecom
RTKM_p,Moscow,Rostelekom Pref,Communication Services,Diversified Telecommunication Services,rostelecom-(pref)
RTSB,Moscow,Rostovenergosbyt,Utilities,Electric Utilities,rostov-sb
RTSB_p,Moscow,Rostovenergosbyt Pref,Utilities,Electric Utilities,rostov-sb-(pref)
RUGR,Moscow,Rusgrain Holding OAO,Consumer Staples,Food Products,rusgrain-holding-oao
ROLO,Moscow,Rusolovo OAO,Materials,Metals & Mining,rusolovo-oao
RUSI,Moscow,RUSS-INVEST IC ao,Financial,Capital Markets,ic-russ-invest
AQUA,Moscow,Russkaya Akvakultura,Consumer Staples,Food Products,russian-sea-group
RZSB,Moscow,Ryazansk Energetich Sbytovaya,Utilities,Electric Utilities,ryazan-sb
SPGI-RM,Moscow,S&P Global,Financial,Capital Markets,mcgraw-hill?cid=1177905
SLEN,Moscow,Sakhalinenergo,Utilities,Electric Utilities,sakhalinenergo-oao
CRM-RM,Moscow,Salesforce.com,Information Technology,Software,salesforce-com?cid=1169912
SAGO,Moscow,SamaraEnergo ao,Utilities,Independent Power and Renewable Electricity Producers,samaraenergo
SAGO_p,Moscow,Samaraenergo Pref,Utilities,Independent Power and Renewable Electricity Producers,samaraenergo(pref)
SAP-RMDR,Moscow,SAP ADR,Information Technology,Software,sap-ag-ads-exch?cid=1173174
SARE,Moscow,Saratovenergo,Utilities,Electric Utilities,saratovenergo
SARE_p,Moscow,Saratovenergo Pref,Utilities,Electric Utilities,saratovenergo-(pref)
KRKN,Moscow,Saratovskiy NPZ ao,Energy,"Oil, Gas & Consumable Fuels",saratov-oil-refenery
KRKN_p,Moscow,Saratovskiy NPZ ap,Energy,"Oil, Gas & Consumable Fuels",saratov-oil-refenery-(pref)
SRPT-RM,Moscow,Sarepta,Healthcare,Biotechnology,sarepta?cid=1177350
SBER,Moscow,Sberbank Rossii,Financial,Banks,sberbank_rts
SBER_p,Moscow,Sberbank Rossii Pref,Financial,Banks,sberbank-p_rts
SEE-RM,Moscow,Sealed Air,Materials,Containers & Packaging,sealed-air?cid=1179742
SGZH,Moscow,Segezha Group,Materials,Paper & Forest Products,segezha-group-pao
SELG,Moscow,Seligdar,Materials,Metals & Mining,seligdar
SRE-RM,Moscow,Sempra Energy,Utilities,Multi-Utilities,sempra-energy?cid=1179717
S-RM,Moscow,SentinelOne,Information Technology,Software,sentinelone?cid=1184180
NOW-RM,Moscow,ServiceNow Inc,Information Technology,Software,servicenow-inc?cid=1172673
CHMF,Moscow,Severstal - ao,Materials,Metals & Mining,severstal_rts
SFIN,Moscow,SFI PAO,Financial,Consumer Finance,yevroplan-pao
SHW-RM,Moscow,Sherwin-Williams,Materials,Chemicals,sherwinwilliams?cid=1177349
SHLS-RM,Moscow,Shoals Technologies Group,Industrials,Electrical Equipment,shoals-technologies-group?cid=1185721
SI-RM,Moscow,Silvergate Cap,Financial,Banks,silvergate-capital-corp?cid=1185381
SKX-RM,Moscow,Skechers,Consumer Discretionary,"Textiles, Apparel & Luxury Goods",skechers-usa-inc?cid=1185549
SKLZ-RM,Moscow,Skillz Platform,Communication Services,Entertainment,flying-eagle-acquisition-corp?cid=1180703
SWKS-RM,Moscow,Skyworks,Information Technology,Semiconductors & Semiconductor Equipment,skyworks-solutions-inc?cid=1178151
MFGS_p,Moscow,Slavneft Megionneft Pref,Energy,"Oil, Gas & Consumable Fuels",slavneft-megionneftegaz-(pref)
MFGS,Moscow,Slavneft Megionneftegaz,Energy,"Oil, Gas & Consumable Fuels",slavneft-megionneftegaz
JNOS_p,Moscow,Slavneft Yaroslavnef Pref,Energy,"Oil, Gas & Consumable Fuels",slavneft-(pref)
JNOS,Moscow,Slavneft-JANOS,Energy,"Oil, Gas & Consumable Fuels",slavneft
SWBI-RM,Moscow,Smith & Wesson,Consumer Discretionary,Leisure Products,smith---wesson?cid=1184175
SNAP-RM,Moscow,Snap,Communication Services,Interactive Media & Services,snap-inc?cid=1177930
SNA-RM,Moscow,Snap-On,Industrials,Machinery,snapon-inc?cid=1184182
SFTLDR,Moscow,Softline Holding Plc DRC,Information Technology,IT Services,softline-holding-plc-drc?cid=1180213
SEDG-RM,Moscow,SolarEdge Technologies Inc,Information Technology,Semiconductors & Semiconductor Equipment,solaredge-technologies-inc?cid=1177348
SLDB-RM,Moscow,Solid Biosciences,Healthcare,Biotechnology,solid-biosciences?cid=1185382
MGNZ,Moscow,Solikamskiy Magniyevyi Zavod,Materials,Metals & Mining,solikamskiy-magniyevyi-zavod
SVAV,Moscow,Sollers,Consumer Discretionary,Automobiles,sollers
SONO-RM,Moscow,Sonos,Consumer Discretionary,Household Durables,sonos-inc?cid=1184176
SONY-RMDR,Moscow,Sony ADR,Consumer Discretionary,Household Durables,sony?cid=1173223
SJI-RM,Moscow,South Jersey Industries,Utilities,Gas Utilities,south-jersey-industries-inc?cid=1185380
SO-RM,Moscow,Southern,Utilities,Electric Utilities,southern-co?cid=1178097
SCCO-RM,Moscow,Southern Copper,Materials,Metals & Mining,southern-copper-corp.?cid=1174105
LUV-RM,Moscow,Southwest Airlines,Industrials,Airlines,sth-west-airlines?cid=1174094
SWN-RM,Moscow,Southwestern Energy,Energy,"Oil, Gas & Consumable Fuels",southwestern-energy-company?cid=1172676
FLOT,Moscow,Sovkomflot PAO,Energy,"Oil, Gas & Consumable Fuels",sovcomflot-pao
SPBE,Moscow,SPB Birzha PAO,Financial,Capital Markets,spb-birzha-pao
SPR-RM,Moscow,Spirit Aerosystems,Industrials,Aerospace & Defense,spirit-aerosystems-holdings-inc?cid=1183182
SAVE-RM,Moscow,Spirit Airlines,Industrials,Airlines,spirit-airlines?cid=1183785
SPLK-RM,Moscow,Splunk,Information Technology,Software,splunk-inc?cid=1174112
SFM-RM,Moscow,Sprouts Farmers,Consumer Staples,Food & Staples Retailing,sprts-frmr?cid=1184179
SWK-RM,Moscow,Stanley Black Decker,Industrials,Machinery,stanley-works?cid=1179744
SBUX-RM,Moscow,Starbucks,Consumer Discretionary,"Hotels, Restaurants & Leisure",starbucks-corp?cid=1169915
STT-RM,Moscow,State Street,Financial,Capital Markets,state-street?cid=1177897
STSB,Moscow,StavropolEnergoSbyt,Utilities,Electric Utilities,stavropolenergosbyt
STSB_p,Moscow,Stavropolenergosbyt Pref,Utilities,Electric Utilities,stavropolenergosbyt-(pref)
STLD-RM,Moscow,Steel Dynamics,Materials,Metals & Mining,steel-dynamics?cid=1184178
SFIX-RM,Moscow,Stitch Fix,Consumer Discretionary,Internet & Direct Marketing Retail,stitch-fix?cid=1185722
SYK-RM,Moscow,Stryker,Healthcare,Health Care Equipment & Supplies,stryker?cid=1177920
RUN-RM,Moscow,Sunrun Inc,Industrials,Electrical Equipment,sunrun-inc?cid=1180701
SNGS,Moscow,Surgut,Energy,"Oil, Gas & Consumable Fuels",surgutneftegas_rts
SNGS_p,Moscow,Surgut-pref,Energy,"Oil, Gas & Consumable Fuels",surgutneftegas-p_rts
SIVB-RM,Moscow,SVB,Financial,Banks,svb-financial-gro?cid=1184177
SVET,Moscow,Svetofor Group PAO,Consumer Discretionary,Diversified Consumer Services,svetofor-group-pao
SWCH-RM,Moscow,Switch,Information Technology,IT Services,switch?cid=1184181
SYF-RM,Moscow,Synchrony Financial,Financial,Consumer Finance,synchrony-fin?cid=1178077
SNPS-RM,Moscow,Synopsys,Information Technology,Software,synopsys-inc?cid=1179769
SYY-RM,Moscow,Sysco,Consumer Staples,Food & Staples Retailing,sysco-corp?cid=1177351
TROW-RM,Moscow,T Rowe,Financial,Capital Markets,t-rowe-price-gp?cid=1177354
TMUS-RM,Moscow,T-Mobile US,Communication Services,Wireless Telecommunication Services,metropcs-communications?cid=1172702
TSM-RMDR,Moscow,Taiwan Semiconductor,Information Technology,Semiconductors & Semiconductor Equipment,taiwan-semicond.manufacturing-co?cid=1177714
TTWO-RM,Moscow,Take-Two,Communication Services,Entertainment,take-two-interactive?cid=1172692
TAL-RMDR,Moscow,TAL Education,Consumer Discretionary,Diversified Consumer Services,tal-education-group?cid=1177883
TASB,Moscow,Tambovskaya Energ,Utilities,Electric Utilities,tambov-power-sale
TASB_p,Moscow,Tambovskaya Pref,Utilities,Electric Utilities,tambov-power-sale-(pref)
TPR-RM,Moscow,Tapestry,Consumer Discretionary,"Textiles, Apparel & Luxury Goods",coach?cid=1178092
TGT-RM,Moscow,Target,Consumer Discretionary,Multiline Retail,target?cid=1169919
TATN_p,Moscow,Tatneft Pref,Energy,"Oil, Gas & Consumable Fuels",tatneft-p_rts
TATN,Moscow,Tatneft-3,Energy,"Oil, Gas & Consumable Fuels",tatneft_rts
TTLK,Moscow,Tattelekom,Communication Services,Diversified Telecommunication Services,tattelecom
TTCF-RM,Moscow,Tattooed Chef,Consumer Staples,Food Products,forum-merger-ii?cid=1185385
TMHC-RM,Moscow,Taylor Morn Home,Consumer Discretionary,Household Durables,taylor-morn-home?cid=1185551
TCSGDR,Moscow,TCS Group Holding PLC,Financial,Banks,tcs-group-holding-plc?cid=1153662
TGNA-RM,Moscow,Tegna,Communication Services,Media,tegna-inc?cid=1185550
TDOC-RM,Moscow,Teladoc Inc,Healthcare,Health Care Technology,teladoc-inc?cid=1177352
TDY-RM,Moscow,Teledyne Technologies,Information Technology,"Electronic Equipment, Instruments & Components",teledyne-technologies-inc?cid=1177353
TFX-RM,Moscow,Teleflex,Healthcare,Health Care Equipment & Supplies,teleflex-inc?cid=1184184
TDS-RM,Moscow,Telephone&Data Systems,Communication Services,Wireless Telecommunication Services,telephone-and-data-systems-inc?cid=1185723
TPX-RM,Moscow,Tempur Sealy International,Consumer Discretionary,Household Durables,tempur-pedic-international-inc?cid=1183169
TDC-RM,Moscow,Teradata,Information Technology,Software,teradata?cid=1185387
TER-RM,Moscow,Teradyne,Information Technology,Semiconductors & Semiconductor Equipment,teradyne-inc?cid=1179713
TGKN,Moscow,Territorial’naya Generiruyushchaya Kompaniya No 14,Utilities,Electric Utilities,tgc-14
TGKB,Moscow,Territorial’naya Generiruyushchaya Kompaniya No2 P,Utilities,Electric Utilities,tgk-2
TGKB_p,Moscow,Territorial’naya Generiruyushchaya Kompaniya No2 P,Utilities,Electric Utilities,tgk-2-(pref)
TSLA-RM,Moscow,Tesla,Consumer Discretionary,Automobiles,tesla-motors?cid=1167282
TXN-RM,Moscow,Texas Instruments,Information Technology,Semiconductors & Semiconductor Equipment,texas-instru?cid=1172701
TXT-RM,Moscow,Textron,Industrials,Aerospace & Defense,textron-inc?cid=1177921
TGKA,Moscow,TGK-1,Utilities,Electric Utilities,tgk-1
AES-RM,Moscow,The AES,Utilities,Independent Power and Renewable Electricity Producers,aes-corp?cid=1178076
TMO-RM,Moscow,Thermo Fisher Scientific,Healthcare,Life Sciences Tools & Services,thermo-fisher-sc?cid=1172677
TJX-RM,Moscow,TJX,Consumer Discretionary,Specialty Retail,tjx-co-inc?cid=1174103
KRKO_p,Moscow,TKZ Krasny Kotelshchik ap,Industrials,Machinery,krasny-kotelshchik-(pref)
TRMK,Moscow,TMK,Energy,Energy Equipment & Services,tmk
KBSB,Moscow,TNS Energo Kuban’ PAO,Utilities,Electric Utilities,kubanenergosbyt-oao
MISB,Moscow,TNS Energo Mariy El PAO,Utilities,Electric Utilities,marienergosbyt
MISB_p,Moscow,TNS Energo Mariy El PAO Prf,Utilities,Electric Utilities,marienergosbyt-(pref)
NNSB,Moscow,TNS Energo Nizhniy Novgorod,Utilities,Electric Utilities,nizhegorodskaya-sbytovaya-komp
NNSB_p,Moscow,TNS Energo Nizhniy Novgorod pref,Utilities,Electric Utilities,tns-energo-nizhniy-novgorod-pao
VRSB_p,Moscow,TNS Energo Voronezh PAO Prf,Utilities,Electric Utilities,voronezh-sb-(pref)
YRSB,Moscow,TNS Energo Yaroslavl PAO,Utilities,Electric Utilities,yask
YRSB_p,Moscow,TNS Energo Yaroslavl PAO Prf,Utilities,Electric Utilities,yaroslav-sbyt-pref
TORS_p,Moscow,Tomsk raspredelit. komp ap,Utilities,Electric Utilities,tomsk-distribution-(pref)
TORS,Moscow,Tomskaya Raspredelit,Utilities,Electric Utilities,tomsk-distribution
TM-RMDR,Moscow,Toyota Motor ADR,Consumer Discretionary,Automobiles,toyota?cid=1173222
TSCO-RM,Moscow,Tractor Supply,Consumer Discretionary,Specialty Retail,tractor-supply-company?cid=1179753
TTD-RM,Moscow,Trade Desk,Information Technology,Software,trade-desk-inc?cid=1180704
TDG-RM,Moscow,Transdigm,Industrials,Aerospace & Defense,transdigm-group-inc?cid=1184185
TRV-RM,Moscow,Travelers,Financial,Insurance,the-travelers-co?cid=1179736
TPH-RM,Moscow,TRI Pointe Homes,Industrials,Construction Services,tri-pointe-homes?cid=1185383
TRMB-RM,Moscow,Trimble,Information Technology,"Electronic Equipment, Instruments & Components",trimble-navigation-ltd?cid=1179729
TRIP-RM,Moscow,TripAdvisor,Communication Services,Interactive Media & Services,tripadvisor?cid=1184183
TFC-RM,Moscow,Truist Financial Corp,Financial,Banks,bb-t-corp?cid=1178079
CNTL,Moscow,Tsentralnyi Telegraf,Communication Services,Diversified Telecommunication Services,central-telegraph
CNTL_p,Moscow,Tsentralnyi Telegraf Pref,Communication Services,Diversified Telecommunication Services,central-telegraph-(pref)
TSP-RM,Moscow,Tusimple Holdings,Industrials,Road & Rail,tusimple-holdings?cid=1183183
TWLO-RM,Moscow,Twilio,Information Technology,IT Services,twilio-inc-a?cid=1183161
TWTR-RM,Moscow,Twitter Inc,Communication Services,Interactive Media & Services,twitter-inc?cid=1165947
TYL-RM,Moscow,Tyler Technologies,Information Technology,Software,tyler-technologies-inc?cid=1177355
TSN-RM,Moscow,Tyson Foods,Consumer Staples,Food Products,tyson-foods?cid=1174102
TUZA,Moscow,TZA OAO,Industrials,Machinery,tza-oao
USB-RM,Moscow,U.S. Bancorp,Financial,Banks,us-bancorp?cid=1177906
UBER-RM,Moscow,Uber Tech,Industrials,Road & Rail,uber-technologies-inc?cid=1169910
PATH-RM,Moscow,Uipath,Information Technology,Software,uipath?cid=1184169
ARSA,Moscow,UK Arsagera,Financial,Capital Markets,arsagera
ULTA-RM,Moscow,Ulta Beauty,Consumer Discretionary,Specialty Retail,ulta-salon-cosmetics---fragrance?cid=1180707
UA-RM,Moscow,Under Armour C,Consumer Discretionary,"Textiles, Apparel & Luxury Goods",under-armour-c?cid=1177898
UNP-RM,Moscow,Union Pacific,Industrials,Road & Rail,union-pacific?cid=1172678
UPRO,Moscow,Unipro,Utilities,Independent Power and Renewable Electricity Producers,e.on-russia
UAL-RM,Moscow,United Airlines Holdings,Industrials,Airlines,united-continenta?cid=1172683
GEMCDR,Moscow,United Medical Group Cy Plc,Healthcare,Health Care Providers & Services,united-medical-group-drc
UPS-RM,Moscow,United Parcel Service,Industrials,Air Freight & Logistics,united-parcel?cid=1172679
URI-RM,Moscow,United Rentals,Industrials,Trading Companies & Distributors,united-rentals?cid=1184186
UNH-RM,Moscow,UnitedHealth,Healthcare,Health Care Providers & Services,united-health-group?cid=1172682
U-RM,Moscow,Unity Software,Information Technology,Software,unity-software-inc?cid=1183805
UHS-RM,Moscow,Universal Health Services,Healthcare,Health Care Providers & Services,universal-health-services?cid=1180706
UNM-RM,Moscow,Unum,Financial,Insurance,unum-group?cid=1178143
UPWK-RM,Moscow,Upwork,Industrials,Professional Services,upwork?cid=1185553
URKZ,Moscow,Uralskaya Kuznitsa OAO,Materials,Metals & Mining,uralskaya-kuznitsa-oao
URBN-RM,Moscow,Urban Outfitters,Consumer Discretionary,Specialty Retail,urban-outfitters?cid=1185552
USFD-RM,Moscow,US Foods,Consumer Staples,Food & Staples Retailing,us-foods-holding-corp?cid=1184187
UTAR,Moscow,UTair Aviakompaniya OAO,Industrials,Airlines,utair-aviakompaniya-oao
UKUZ,Moscow,Uzhnyi Kuzbass,Energy,"Oil, Gas & Consumable Fuels",south-kuzbass
VLO-RM,Moscow,Valero Energy,Energy,"Oil, Gas & Consumable Fuels",valero-energy?cid=1178091
VJGZ,Moscow,Var’yeganneftegaz PAO,Energy,"Oil, Gas & Consumable Fuels",varyeganneftegaz
VJGZ_p,Moscow,Var’yeganneftegaz PAO Prf,Energy,"Oil, Gas & Consumable Fuels",varyeganneftegaz-(pref)
VXRT-RM,Moscow,Vaxart,Healthcare,Biotechnology,nabi-pharmaceuticals?cid=1180709
VLDR-RM,Moscow,Velodyne Lidar,Information Technology,"Electronic Equipment, Instruments & Components",graf-industrial-corp?cid=1183784
VEON-RX,Moscow,VEON,Communication Services,Wireless Telecommunication Services,veon-ltd?cid=1180708
VRSN-RM,Moscow,VeriSign,Information Technology,IT Services,verisign-inc?cid=1180834
VRSK-RM,Moscow,Verisk,Industrials,Professional Services,verisk-analytics-inc?cid=1179754
VZ-RM,Moscow,Verizon,Communication Services,Diversified Telecommunication Services,verizon-communications?cid=1172686
VRTX-RM,Moscow,Vertex,Healthcare,Biotechnology,vertex-pharm?cid=1172680
VFC-RM,Moscow,VF,Consumer Discretionary,"Textiles, Apparel & Luxury Goods",vf-corp?cid=1177356
VTRS-RM,Moscow,Viatris,Healthcare,Pharmaceuticals,mylan-inc?cid=1169918
VMEO-RM,Moscow,Vimeo,Communication Services,Interactive Media & Services,vimeo?cid=1185388
VIPS-RMDR,Moscow,Vipshop,Consumer Discretionary,Internet & Direct Marketing Retail,vipshop-holdings?cid=1177881
SPCE-RM,Moscow,Virgin Galactic Holdings,Industrials,Aerospace & Defense,social-capital-hedosophia?cid=1174085
VIRT-RM,Moscow,Virtu Financial Inc,Financial,Capital Markets,virtu-financial-inc?cid=1185554
V-RM,Moscow,Visa A,Information Technology,IT Services,visa-inc?cid=1165948
VKCODR,Moscow,VK DRC,Communication Services,Interactive Media & Services,mail.ru-grp-wi?cid=1163363
VLHZ,Moscow,Vladimirskiy Khimicheskiy,Materials,Chemicals,vladimirskiy-khimicheskiy
VGSB,Moscow,Volgogradenergosbyt,Utilities,Electric Utilities,volgogradenergosbyt
VGSB_p,Moscow,Volgogradenergosbyt Pref,Utilities,Electric Utilities,volgogradenergosbyt-(pref)
VG-RM,Moscow,Vonage,Information Technology,Software,vonage-holdings-corp?cid=1184188
VNT-RM,Moscow,Vontier,Information Technology,"Electronic Equipment, Instruments & Components",vontier?cid=1174117
VRSB,Moscow,Voronezh SB,Utilities,Electric Utilities,voronezh-sb
VMC-RM,Moscow,Vulcan Materials,Materials,Construction Materials,vulcan-matrls?cid=1177357
VUZI-RM,Moscow,Vuzix Corp Cmn Stk,Consumer Discretionary,Household Durables,vuzix-corp-cmn-stk?cid=1180710
VSYD_p,Moscow,Vyborgskiy Sudostroitelnyi PAO,Industrials,Machinery,vyborgskiy-sudostroitelnyi-pao
VSYD,Moscow,Vyborgskiy sudostroitelnyi zavod,Industrials,Machinery,vyborgskiy-sudostroitelnyi-zavod
WBA-RM,Moscow,Walgreens Boots,Consumer Staples,Food & Staples Retailing,walgreen-co?cid=1177358
WMT-RM,Moscow,Walmart,Consumer Staples,Food & Staples Retailing,wal-mart-stores?cid=1167283
DIS-RM,Moscow,Walt Disney,Communication Services,Entertainment,disney?cid=1165935
DISCA-RM,Moscow,Warner Bros Discovery,Communication Services,Entertainment,discovery-holding-co?cid=1177908
WM-RM,Moscow,Waste Management,Industrials,Commercial Services & Supplies,waste-managemnt?cid=1179712
WAT-RM,Moscow,Waters,Healthcare,Life Sciences Tools & Services,waters-corp?cid=1184189
WEC-RM,Moscow,WEC Energy,Utilities,Multi-Utilities,wisconsin-energy-corp?cid=1179738
WFC-RM,Moscow,Wells Fargo&Co,Financial,Banks,wells-fargo?cid=1177902
WST-RM,Moscow,West Pharmaceutical Services,Healthcare,Life Sciences Tools & Services,west-pharmaceutical-services-inc?cid=1177360
WDC-RM,Moscow,Western Digital,Information Technology,"Technology Hardware, Storage & Peripherals",western-digital?cid=1174100
WU-RM,Moscow,Western Union,Information Technology,IT Services,western-union?cid=1177892
WAB-RM,Moscow,Westinghouse Air Brake,Industrials,Machinery,westinghouse-air-brake-tech?cid=1179734
WRK-RM,Moscow,WestRock Co,Materials,Containers & Packaging,westrock-co?cid=1179701
WHR-RM,Moscow,Whirlpool,Consumer Discretionary,Household Durables,whirl-pool-corp?cid=1180711
WMB-RM,Moscow,Williams,Energy,"Oil, Gas & Consumable Fuels",williams-cos?cid=1177359
WSM-RM,Moscow,Williams-Sonoma,Consumer Discretionary,Specialty Retail,williams-sonoma-inc?cid=1185389
WRB-RM,Moscow,WR Berkley,Financial,Insurance,wr-berkley-corp?cid=1180835
GWW-RM,Moscow,WW Grainger,Industrials,Trading Companies & Distributors,w-w-grainger-inc?cid=1177320
WW-RM,Moscow,WW International,Consumer Discretionary,Diversified Consumer Services,weight-watcher?cid=1185390
WYNN-RM,Moscow,Wynn Resorts,Consumer Discretionary,"Hotels, Restaurants & Leisure",wynn-resorts-ltd?cid=1178118
FIVEDR,Moscow,X5 Retail Group,Consumer Staples,Food & Staples Retailing,x5-retail-grp?cid=1061926
XEL-RM,Moscow,Xcel Energy,Utilities,Electric Utilities,xcel-energy?cid=1178124
XRX-RM,Moscow,Xerox,Information Technology,"Technology Hardware, Storage & Peripherals",xerox-corp?cid=1184190
XPEV-RMDR,Moscow,Xpeng,Consumer Discretionary,Automobiles,xpeng-inc?cid=1177909
XPO-RM,Moscow,XPO Logistics,Industrials,Road & Rail,xpo-logistics?cid=1185555
XYL-RM,Moscow,Xylem,Industrials,Machinery,xylem?cid=1182875
YAKG,Moscow,Yakutskaya Toplivno Energeticheskaya Kompaniya PAO,Energy,"Oil, Gas & Consumable Fuels",yatek
YKEN,Moscow,YakutskEnergo,Utilities,Electric Utilities,yakutskenergo
YKEN_p,Moscow,YakutskEnergo ap,Utilities,Electric Utilities,yakutskenergo-(pref)
YNDX,Moscow,Yandex,Communication Services,Interactive Media & Services,yandex?cid=102063
YETI-RM,Moscow,YETI,Consumer Discretionary,Leisure Products,yeti-holdings?cid=1185556
EELT,Moscow,Yevropyeyskaya Elyektrotyekhnika PAO,Industrials,Construction & Engineering,yevropeyskaya-elektrotekhnika
YEXT-RM,Moscow,Yext,Information Technology,Software,yext-inc?cid=1185392
YUMC-RM,Moscow,Yum China Holdings,Consumer Discretionary,"Hotels, Restaurants & Leisure",yum-china-holdings-inc?cid=1184191
YUM-RM,Moscow,Yum! Brands,Consumer Discretionary,"Hotels, Restaurants & Leisure",yum!-brands-inc?cid=1179714
ACKO,Moscow,Yuzhural-Asko,Financial,Insurance,yuzhural-asko
ZBRA-RM,Moscow,Zebra,Information Technology,"Electronic Equipment, Instruments & Components",zebra-tech?cid=1180712
Z-RM,Moscow,Zillow C,Real Estate,Real Estate Management & Development,zillow?cid=1184192
ZBH-RM,Moscow,Zimmer Biomet,Healthcare,Health Care Equipment & Supplies,zimmer-hldgs?cid=1179730
ZION-RM,Moscow,Zions,Financial,Banks,zions-bancorp?cid=1179726
ZIP-RM,Moscow,Ziprecruiter,Communication Services,Interactive Media & Services,ziprecruiter?cid=1185557
ZTS-RM,Moscow,Zoetis Inc,Healthcare,Pharmaceuticals,zoetis-inc?cid=1179704
ZM-RM,Moscow,Zoom Video,Information Technology,Software,zoom-video-communications?cid=1174084
ZI-RM,Moscow,ZoomInfo,Communication Services,Interactive Media & Services,zoominfo-technologies-inc?cid=1184193
ZS-RM,Moscow,Zscaler,Information Technology,Software,zscaler-inc?cid=1185393
ZVEZ,Moscow,Zvezda,Industrials,Machinery,zvezda
ZYNE-RM,Moscow,Zynerba Pharma,Healthcare,Pharmaceuticals,zynerba-pharmaceuticals-inc?cid=1174087